"Country or Area","Year","Item","Value"
"Albania","2013","Gross Domestic Product (GDP)","4066.42172397122"
"Albania","2012","Gross Domestic Product (GDP)","3903.92265230079"
"Albania","2011","Gross Domestic Product (GDP)","4087.30239759832"
"Albania","2010","Gross Domestic Product (GDP)","3786.16090902454"
"Albania","2009","Gross Domestic Product (GDP)","3822.121008485"
"Albania","2008","Gross Domestic Product (GDP)","4080.75759111473"
"Albania","2007","Gross Domestic Product (GDP)","3353.00637244438"
"Albania","2006","Gross Domestic Product (GDP)","2805.88160692424"
"Albania","2005","Gross Domestic Product (GDP)","2532.4412799226"
"Albania","2004","Gross Domestic Product (GDP)","2253.98836789665"
"Albania","2003","Gross Domestic Product (GDP)","1744.35825221809"
"Albania","2002","Gross Domestic Product (GDP)","1350.62139493837"
"Albania","2001","Gross Domestic Product (GDP)","1227.46496682567"
"Albania","2000","Gross Domestic Product (GDP)","1092.54311341038"
"Albania","1999","Gross Domestic Product (GDP)","1024.07402836632"
"Albania","1998","Gross Domestic Product (GDP)","810.445096772365"
"Albania","1997","Gross Domestic Product (GDP)","692.258576745273"
"Albania","1996","Gross Domestic Product (GDP)","984.325618010354"
"Albania","1995","Gross Domestic Product (GDP)","732.414884698034"
"Albania","1994","Gross Domestic Product (GDP)","571.241104503552"
"Albania","1993","Gross Domestic Product (GDP)","511.495306083479"
"Albania","1992","Gross Domestic Product (GDP)","451.934886808494"
"Albania","1991","Gross Domestic Product (GDP)","474.366456381718"
"Albania","1990","Gross Domestic Product (GDP)","640.019501390955"
"Albania","1989","Gross Domestic Product (GDP)","887.793203424995"
"Albania","1988","Gross Domestic Product (GDP)","757.953629066767"
"Albania","1987","Gross Domestic Product (GDP)","751.764004122214"
"Albania","1986","Gross Domestic Product (GDP)","779.130972021282"
"Albania","1985","Gross Domestic Product (GDP)","776.201165254385"
"Albania","1984","Gross Domestic Product (GDP)","779.342535856187"
"Albania","1983","Gross Domestic Product (GDP)","808.617588668193"
"Albania","1982","Gross Domestic Product (GDP)","818.421594733339"
"Albania","1981","Gross Domestic Product (GDP)","813.448089463785"
"Albania","1980","Gross Domestic Product (GDP)","804.978216967574"
"Albania","1979","Gross Domestic Product (GDP)","913.031605744818"
"Albania","1978","Gross Domestic Product (GDP)","1120.18246068922"
"Albania","1977","Gross Domestic Product (GDP)","1114.24922648361"
"Albania","1976","Gross Domestic Product (GDP)","1110.29530273632"
"Albania","1975","Gross Domestic Product (GDP)","1105.55810206248"
"Albania","1974","Gross Domestic Product (GDP)","1101.41967907906"
"Albania","1973","Gross Domestic Product (GDP)","1097.94060282482"
"Albania","1972","Gross Domestic Product (GDP)","1094.57528694277"
"Albania","1971","Gross Domestic Product (GDP)","1091.51920615624"
"Albania","1970","Gross Domestic Product (GDP)","1088.66539337231"
"Austria","2013","Gross Domestic Product (GDP)","50419.6146717251"
"Austria","2012","Gross Domestic Product (GDP)","48154.254933108"
"Austria","2011","Gross Domestic Product (GDP)","50884.0419233142"
"Austria","2010","Gross Domestic Product (GDP)","46377.0129304199"
"Austria","2009","Gross Domestic Product (GDP)","47489.7404667623"
"Austria","2008","Gross Domestic Product (GDP)","51261.1807723936"
"Austria","2007","Gross Domestic Product (GDP)","46494.7149302445"
"Austria","2006","Gross Domestic Product (GDP)","40386.1755217329"
"Austria","2005","Gross Domestic Product (GDP)","38191.084642869"
"Austria","2004","Gross Domestic Product (GDP)","36600.0853112347"
"Austria","2003","Gross Domestic Product (GDP)","32019.2926448281"
"Austria","2002","Gross Domestic Product (GDP)","26320.5114428953"
"Austria","2001","Gross Domestic Product (GDP)","24467.7746650042"
"Austria","2000","Gross Domestic Product (GDP)","24490.6634036659"
"Austria","1999","Gross Domestic Product (GDP)","27063.3341819179"
"Austria","1998","Gross Domestic Product (GDP)","27179.0474552528"
"Austria","1997","Gross Domestic Product (GDP)","26493.1530384347"
"Austria","1996","Gross Domestic Product (GDP)","29557.2690464889"
"Austria","1995","Gross Domestic Product (GDP)","30114.2821487599"
"Austria","1994","Gross Domestic Product (GDP)","25579.4717982261"
"Austria","1993","Gross Domestic Product (GDP)","24123.8024931701"
"Austria","1992","Gross Domestic Product (GDP)","24957.924487464"
"Austria","1991","Gross Domestic Product (GDP)","22438.6738708716"
"Austria","1990","Gross Domestic Product (GDP)","21651.463282612"
"Austria","1989","Gross Domestic Product (GDP)","17400.4798350655"
"Austria","1988","Gross Domestic Product (GDP)","17486.4947328843"
"Austria","1987","Gross Domestic Product (GDP)","16314.2701001253"
"Austria","1986","Gross Domestic Product (GDP)","13026.6655964081"
"Austria","1985","Gross Domestic Product (GDP)","9137.04221363005"
"Austria","1984","Gross Domestic Product (GDP)","8963.17326170417"
"Austria","1983","Gross Domestic Product (GDP)","9519.21747798809"
"Austria","1982","Gross Domestic Product (GDP)","9415.64996274631"
"Austria","1981","Gross Domestic Product (GDP)","9385.50982377879"
"Austria","1980","Gross Domestic Product (GDP)","10834.6724553791"
"Austria","1979","Gross Domestic Product (GDP)","9747.02499979137"
"Austria","1978","Gross Domestic Product (GDP)","8160.4163885621"
"Austria","1977","Gross Domestic Product (GDP)","6762.77761504527"
"Austria","1976","Gross Domestic Product (GDP)","5626.68113710867"
"Austria","1975","Gross Domestic Product (GDP)","5245.16029761773"
"Austria","1974","Gross Domestic Product (GDP)","4613.39607034747"
"Austria","1973","Gross Domestic Product (GDP)","3880.0636084887"
"Austria","1972","Gross Domestic Product (GDP)","2911.24907108613"
"Austria","1971","Gross Domestic Product (GDP)","2367.41591828546"
"Austria","1970","Gross Domestic Product (GDP)","2047.67258468989"
"Belarus","2013","Gross Domestic Product (GDP)","7663.99288875168"
"Belarus","2012","Gross Domestic Product (GDP)","6763.93263713022"
"Belarus","2011","Gross Domestic Product (GDP)","6320.86043321083"
"Belarus","2010","Gross Domestic Product (GDP)","5818.20058909444"
"Belarus","2009","Gross Domestic Product (GDP)","5165.8367114459"
"Belarus","2008","Gross Domestic Product (GDP)","6357.62138629634"
"Belarus","2007","Gross Domestic Product (GDP)","4723.422071017"
"Belarus","2006","Gross Domestic Product (GDP)","3842.04118305496"
"Belarus","2005","Gross Domestic Product (GDP)","3125.81332844712"
"Belarus","2004","Gross Domestic Product (GDP)","2380.82453718052"
"Belarus","2003","Gross Domestic Product (GDP)","1821.87604810097"
"Belarus","2002","Gross Domestic Product (GDP)","1481.28758773753"
"Belarus","2001","Gross Domestic Product (GDP)","1245.42385943117"
"Belarus","2000","Gross Domestic Product (GDP)","1043.71434494129"
"Belarus","1999","Gross Domestic Product (GDP)","1209.64040560065"
"Belarus","1998","Gross Domestic Product (GDP)","1510.01731092439"
"Belarus","1997","Gross Domestic Product (GDP)","1392.97758094654"
"Belarus","1996","Gross Domestic Product (GDP)","1427.73575042349"
"Belarus","1995","Gross Domestic Product (GDP)","1359.86666132975"
"Belarus","1994","Gross Domestic Product (GDP)","1483.03980010635"
"Belarus","1993","Gross Domestic Product (GDP)","1639.96204662622"
"Belarus","1992","Gross Domestic Product (GDP)","1729.69718973237"
"Belarus","1991","Gross Domestic Product (GDP)","1870.61871300959"
"Belarus","1990","Gross Domestic Product (GDP)","1837.75480141959"
"Belgium","2013","Gross Domestic Product (GDP)","47260.7194806122"
"Belgium","2012","Gross Domestic Product (GDP)","45103.8856006252"
"Belgium","2011","Gross Domestic Product (GDP)","47992.6783363011"
"Belgium","2010","Gross Domestic Product (GDP)","44273.0573958101"
"Belgium","2009","Gross Domestic Product (GDP)","44723.2702044553"
"Belgium","2008","Gross Domestic Product (GDP)","48280.8886795835"
"Belgium","2007","Gross Domestic Product (GDP)","44229.4419106927"
"Belgium","2006","Gross Domestic Product (GDP)","38788.1144217428"
"Belgium","2005","Gross Domestic Product (GDP)","36823.5665636178"
"Belgium","2004","Gross Domestic Product (GDP)","35481.4825867719"
"Belgium","2003","Gross Domestic Product (GDP)","30675.2547473908"
"Belgium","2002","Gross Domestic Product (GDP)","24992.9982938778"
"Belgium","2001","Gross Domestic Product (GDP)","23046.3427358123"
"Belgium","2000","Gross Domestic Product (GDP)","23113.2953140197"
"Belgium","1999","Gross Domestic Product (GDP)","25351.2695476735"
"Belgium","1998","Gross Domestic Product (GDP)","25415.1963799343"
"Belgium","1997","Gross Domestic Product (GDP)","24896.8030721032"
"Belgium","1996","Gross Domestic Product (GDP)","27563.7467133152"
"Belgium","1995","Gross Domestic Product (GDP)","28451.9583888513"
"Belgium","1994","Gross Domestic Product (GDP)","24268.1449360321"
"Belgium","1993","Gross Domestic Product (GDP)","22353.330611508"
"Belgium","1992","Gross Domestic Product (GDP)","23451.4983455723"
"Belgium","1991","Gross Domestic Product (GDP)","21107.5846611652"
"Belgium","1990","Gross Domestic Product (GDP)","20656.117168197"
"Belgium","1989","Gross Domestic Product (GDP)","16563.7468851752"
"Belgium","1988","Gross Domestic Product (GDP)","16404.1426430768"
"Belgium","1987","Gross Domestic Product (GDP)","15123.1755513739"
"Belgium","1986","Gross Domestic Product (GDP)","12164.6288819048"
"Belgium","1985","Gross Domestic Product (GDP)","8752.65329255348"
"Belgium","1984","Gross Domestic Product (GDP)","8463.80739940055"
"Belgium","1983","Gross Domestic Product (GDP)","8859.0012157251"
"Belgium","1982","Gross Domestic Product (GDP)","9363.5301704188"
"Belgium","1981","Gross Domestic Product (GDP)","10656.082253752"
"Belgium","1980","Gross Domestic Product (GDP)","12917.8928267752"
"Belgium","1979","Gross Domestic Product (GDP)","11862.8978570535"
"Belgium","1978","Gross Domestic Product (GDP)","10343.8358309726"
"Belgium","1977","Gross Domestic Product (GDP)","8479.11372122039"
"Belgium","1976","Gross Domestic Product (GDP)","7293.426023877"
"Belgium","1975","Gross Domestic Product (GDP)","6748.54018116217"
"Belgium","1974","Gross Domestic Product (GDP)","5768.03258661338"
"Belgium","1973","Gross Domestic Product (GDP)","4923.31527543308"
"Belgium","1972","Gross Domestic Product (GDP)","3844.44314738946"
"Belgium","1971","Gross Domestic Product (GDP)","3088.39601547236"
"Belgium","1970","Gross Domestic Product (GDP)","2773.97754181645"
"Bosnia and Herzegovina","2013","Gross Domestic Product (GDP)","4661.91829388052"
"Bosnia and Herzegovina","2012","Gross Domestic Product (GDP)","4409.5632253316"
"Bosnia and Herzegovina","2011","Gross Domestic Product (GDP)","4771.1452107564"
"Bosnia and Herzegovina","2010","Gross Domestic Product (GDP)","4380.48690946798"
"Bosnia and Herzegovina","2009","Gross Domestic Product (GDP)","4480.40528823186"
"Bosnia and Herzegovina","2008","Gross Domestic Product (GDP)","4846.14357338423"
"Bosnia and Herzegovina","2007","Gross Domestic Product (GDP)","3991.26267164743"
"Bosnia and Herzegovina","2006","Gross Domestic Product (GDP)","3238.73118671121"
"Bosnia and Herzegovina","2005","Gross Domestic Product (GDP)","2810.32482483464"
"Bosnia and Herzegovina","2004","Gross Domestic Product (GDP)","2612.62331910525"
"Bosnia and Herzegovina","2003","Gross Domestic Product (GDP)","2181.56366046959"
"Bosnia and Herzegovina","2002","Gross Domestic Product (GDP)","1725.96142284907"
"Bosnia and Herzegovina","2001","Gross Domestic Product (GDP)","1494.99730309927"
"Bosnia and Herzegovina","2000","Gross Domestic Product (GDP)","1448.31282066159"
"Bosnia and Herzegovina","1999","Gross Domestic Product (GDP)","1249.00063553395"
"Bosnia and Herzegovina","1998","Gross Domestic Product (GDP)","1161.77999209643"
"Bosnia and Herzegovina","1997","Gross Domestic Product (GDP)","1070.12538034029"
"Bosnia and Herzegovina","1996","Gross Domestic Product (GDP)","788.889446743603"
"Bosnia and Herzegovina","1995","Gross Domestic Product (GDP)","580.192974617734"
"Bosnia and Herzegovina","1994","Gross Domestic Product (GDP)","765.717100128752"
"Bosnia and Herzegovina","1993","Gross Domestic Product (GDP)","935.125868562194"
"Bosnia and Herzegovina","1992","Gross Domestic Product (GDP)","1142.78491094524"
"Bosnia and Herzegovina","1991","Gross Domestic Product (GDP)","1398.28089800868"
"Bosnia and Herzegovina","1990","Gross Domestic Product (GDP)","1713.18692962447"
"Bulgaria","2013","Gross Domestic Product (GDP)","7542.78491205486"
"Bulgaria","2012","Gross Domestic Product (GDP)","7226.03231504306"
"Bulgaria","2011","Gross Domestic Product (GDP)","7604.77042213577"
"Bulgaria","2010","Gross Domestic Product (GDP)","6586.57225373948"
"Bulgaria","2009","Gross Domestic Product (GDP)","6736.55305582168"
"Bulgaria","2008","Gross Domestic Product (GDP)","7104.78081772256"
"Bulgaria","2007","Gross Domestic Product (GDP)","5769.58370620722"
"Bulgaria","2006","Gross Domestic Product (GDP)","4414.40513411908"
"Bulgaria","2005","Gross Domestic Product (GDP)","3813.47916428568"
"Bulgaria","2004","Gross Domestic Product (GDP)","3346.80834066063"
"Bulgaria","2003","Gross Domestic Product (GDP)","2702.87659304178"
"Bulgaria","2002","Gross Domestic Product (GDP)","2076.55595289372"
"Bulgaria","2001","Gross Domestic Product (GDP)","1802.6341775024"
"Bulgaria","2000","Gross Domestic Product (GDP)","1669.13862661679"
"Bulgaria","1999","Gross Domestic Product (GDP)","1694.70725208957"
"Bulgaria","1998","Gross Domestic Product (GDP)","1799.35539620882"
"Bulgaria","1997","Gross Domestic Product (GDP)","1365.38509227498"
"Bulgaria","1996","Gross Domestic Product (GDP)","1221.81765710278"
"Bulgaria","1995","Gross Domestic Product (GDP)","1726.92139197875"
"Bulgaria","1994","Gross Domestic Product (GDP)","1265.10831871039"
"Bulgaria","1993","Gross Domestic Product (GDP)","1395.07456652779"
"Bulgaria","1992","Gross Domestic Product (GDP)","1095.05792912479"
"Bulgaria","1991","Gross Domestic Product (GDP)","960.775333893045"
"Bulgaria","1990","Gross Domestic Product (GDP)","2349.5937640123"
"Bulgaria","1989","Gross Domestic Product (GDP)","2477.01619565567"
"Bulgaria","1988","Gross Domestic Product (GDP)","2454.27815849355"
"Bulgaria","1987","Gross Domestic Product (GDP)","2131.3488972816"
"Bulgaria","1986","Gross Domestic Product (GDP)","1956.82374084675"
"Bulgaria","1985","Gross Domestic Product (GDP)","1839.93152882659"
"Bulgaria","1984","Gross Domestic Product (GDP)","1737.42723854301"
"Bulgaria","1983","Gross Domestic Product (GDP)","1625.59420543682"
"Bulgaria","1982","Gross Domestic Product (GDP)","1515.75937729626"
"Bulgaria","1981","Gross Domestic Product (GDP)","1398.65144535384"
"Bulgaria","1980","Gross Domestic Product (GDP)","1223.04804868323"
"Bulgaria","1979","Gross Domestic Product (GDP)","1064.27994920793"
"Bulgaria","1978","Gross Domestic Product (GDP)","1586.02612741332"
"Bulgaria","1977","Gross Domestic Product (GDP)","1468.51281005814"
"Bulgaria","1976","Gross Domestic Product (GDP)","1441.00754791193"
"Bulgaria","1975","Gross Domestic Product (GDP)","1364.48726063513"
"Bulgaria","1974","Gross Domestic Product (GDP)","1553.25407576893"
"Bulgaria","1973","Gross Domestic Product (GDP)","1435.43604838155"
"Bulgaria","1972","Gross Domestic Product (GDP)","1210.59130043932"
"Bulgaria","1971","Gross Domestic Product (GDP)","1041.02418388154"
"Bulgaria","1970","Gross Domestic Product (GDP)","1059.47604291494"
"Cyprus","2013","Gross Domestic Product (GDP)","27662.4768503114"
"Cyprus","2012","Gross Domestic Product (GDP)","28987.4370528461"
"Cyprus","2011","Gross Domestic Product (GDP)","31836.5540011621"
"Cyprus","2010","Gross Domestic Product (GDP)","31410.367828784"
"Cyprus","2009","Gross Domestic Product (GDP)","31991.0686738584"
"Cyprus","2008","Gross Domestic Product (GDP)","34666.5061884604"
"Cyprus","2007","Gross Domestic Product (GDP)","30306.0996237068"
"Cyprus","2006","Gross Domestic Product (GDP)","26199.4833054392"
"Cyprus","2005","Gross Domestic Product (GDP)","24443.6628224483"
"Cyprus","2004","Gross Domestic Product (GDP)","23267.7469008418"
"Cyprus","2003","Gross Domestic Product (GDP)","20021.0156847281"
"Cyprus","2002","Gross Domestic Product (GDP)","15937.2521539165"
"Cyprus","2001","Gross Domestic Product (GDP)","14717.4018263444"
"Cyprus","2000","Gross Domestic Product (GDP)","14283.0550079626"
"Cyprus","1999","Gross Domestic Product (GDP)","15203.8337185444"
"Cyprus","1998","Gross Domestic Product (GDP)","15026.090569937"
"Cyprus","1997","Gross Domestic Product (GDP)","14160.5629093258"
"Cyprus","1996","Gross Domestic Product (GDP)","15119.865953645"
"Cyprus","1995","Gross Domestic Product (GDP)","15237.1344165763"
"Cyprus","1994","Gross Domestic Product (GDP)","12989.4095855166"
"Cyprus","1993","Gross Domestic Product (GDP)","11779.192728541"
"Cyprus","1992","Gross Domestic Product (GDP)","12656.0568341356"
"Cyprus","1991","Gross Domestic Product (GDP)","10839.5444071381"
"Cyprus","1990","Gross Domestic Product (GDP)","10781.7977568449"
"Cyprus","1989","Gross Domestic Product (GDP)","8998.82514343712"
"Cyprus","1988","Gross Domestic Product (GDP)","8546.93138074294"
"Cyprus","1987","Gross Domestic Product (GDP)","7487.12912816694"
"Cyprus","1986","Gross Domestic Product (GDP)","6316.82809317611"
"Cyprus","1985","Gross Domestic Product (GDP)","5001.79352198633"
"Cyprus","1984","Gross Domestic Product (GDP)","4758.36516061457"
"Cyprus","1983","Gross Domestic Product (GDP)","4580.11802392637"
"Cyprus","1982","Gross Domestic Product (GDP)","4634.62179123887"
"Cyprus","1981","Gross Domestic Product (GDP)","4518.7750364779"
"Cyprus","1980","Gross Domestic Product (GDP)","4741.08275520878"
"Cyprus","1979","Gross Domestic Product (GDP)","3953.34426888256"
"Cyprus","1978","Gross Domestic Product (GDP)","3039.39813390169"
"Cyprus","1977","Gross Domestic Product (GDP)","2332.97700367946"
"Cyprus","1976","Gross Domestic Product (GDP)","1829.00866665176"
"Cyprus","1975","Gross Domestic Product (GDP)","1568.56628749189"
"Cyprus","1974","Gross Domestic Product (GDP)","1814.45301205022"
"Cyprus","1973","Gross Domestic Product (GDP)","1678.38299384576"
"Cyprus","1972","Gross Domestic Product (GDP)","1394.63107316251"
"Cyprus","1971","Gross Domestic Product (GDP)","1159.53696699624"
"Cyprus","1970","Gross Domestic Product (GDP)","1002.15672767663"
"Czech Republic","2013","Gross Domestic Product (GDP)","19509.6413050361"
"Czech Republic","2012","Gross Domestic Product (GDP)","19394.9703194975"
"Czech Republic","2011","Gross Domestic Product (GDP)","21421.7744517083"
"Czech Republic","2010","Gross Domestic Product (GDP)","19615.5265367442"
"Czech Republic","2009","Gross Domestic Product (GDP)","19618.6607090661"
"Czech Republic","2008","Gross Domestic Product (GDP)","22590.1821631651"
"Czech Republic","2007","Gross Domestic Product (GDP)","18264.8913984758"
"Czech Republic","2006","Gross Domestic Product (GDP)","15106.0380073765"
"Czech Republic","2005","Gross Domestic Product (GDP)","13292.3795372377"
"Czech Republic","2004","Gross Domestic Product (GDP)","11655.354924746"
"Czech Republic","2003","Gross Domestic Product (GDP)","9731.65703226179"
"Czech Republic","2002","Gross Domestic Product (GDP)","7998.46245936002"
"Czech Republic","2001","Gross Domestic Product (GDP)","6585.22306951681"
"Czech Republic","2000","Gross Domestic Product (GDP)","5996.80323318441"
"Czech Republic","1999","Gross Domestic Product (GDP)","6301.72956962639"
"Czech Republic","1998","Gross Domestic Product (GDP)","6449.48754635189"
"Czech Republic","1997","Gross Domestic Product (GDP)","5976.1767831488"
"Czech Republic","1996","Gross Domestic Product (GDP)","6465.61659415727"
"Czech Republic","1995","Gross Domestic Product (GDP)","5758.22944301043"
"Czech Republic","1994","Gross Domestic Product (GDP)","4579.00489245288"
"Czech Republic","1993","Gross Domestic Product (GDP)","3911.43932111837"
"Czech Republic","1992","Gross Domestic Product (GDP)","3343.66968189475"
"Czech Republic","1991","Gross Domestic Product (GDP)","2861.23520671397"
"Czech Republic","1990","Gross Domestic Product (GDP)","3904.24080741138"
"Denmark","2013","Gross Domestic Product (GDP)","59920.8560498363"
"Denmark","2012","Gross Domestic Product (GDP)","57469.4046103828"
"Denmark","2011","Gross Domestic Product (GDP)","61231.0853401904"
"Denmark","2010","Gross Domestic Product (GDP)","57613.9030385385"
"Denmark","2009","Gross Domestic Product (GDP)","57881.9018853103"
"Denmark","2008","Gross Domestic Product (GDP)","64152.6108773731"
"Denmark","2007","Gross Domestic Product (GDP)","58435.7221235967"
"Denmark","2006","Gross Domestic Product (GDP)","52006.2715949366"
"Denmark","2005","Gross Domestic Product (GDP)","48832.4329364206"
"Denmark","2004","Gross Domestic Product (GDP)","46539.2167300256"
"Denmark","2003","Gross Domestic Product (GDP)","40516.9674762239"
"Denmark","2002","Gross Domestic Product (GDP)","33271.5662832968"
"Denmark","2001","Gross Domestic Product (GDP)","30775.125077604"
"Denmark","2000","Gross Domestic Product (GDP)","30751.0679911653"
"Denmark","1999","Gross Domestic Product (GDP)","33455.6283898323"
"Denmark","1998","Gross Domestic Product (GDP)","33402.9034771379"
"Denmark","1997","Gross Domestic Product (GDP)","32887.8314155959"
"Denmark","1996","Gross Domestic Product (GDP)","35709.8668236837"
"Denmark","1995","Gross Domestic Product (GDP)","35356.9350788973"
"Denmark","1994","Gross Domestic Product (GDP)","29962.8624385291"
"Denmark","1993","Gross Domestic Product (GDP)","27542.3247287868"
"Denmark","1992","Gross Domestic Product (GDP)","29526.3794688172"
"Denmark","1991","Gross Domestic Product (GDP)","26961.0936987883"
"Denmark","1990","Gross Domestic Product (GDP)","26865.1514641087"
"Denmark","1989","Gross Domestic Product (GDP)","21812.6204182442"
"Denmark","1988","Gross Domestic Product (GDP)","22476.080604384"
"Denmark","1987","Gross Domestic Product (GDP)","21333.5218694838"
"Denmark","1986","Gross Domestic Product (GDP)","17169.4124306905"
"Denmark","1985","Gross Domestic Product (GDP)","12168.1376016602"
"Denmark","1984","Gross Domestic Product (GDP)","11470.1740061393"
"Denmark","1983","Gross Domestic Product (GDP)","11757.9317549983"
"Denmark","1982","Gross Domestic Product (GDP)","11695.9252863014"
"Denmark","1981","Gross Domestic Product (GDP)","11976.5037238786"
"Denmark","1980","Gross Domestic Product (GDP)","13831.9180250695"
"Denmark","1979","Gross Domestic Product (GDP)","13737.6813070449"
"Denmark","1978","Gross Domestic Product (GDP)","11799.3748086588"
"Denmark","1977","Gross Domestic Product (GDP)","9746.25373532664"
"Denmark","1976","Gross Domestic Product (GDP)","8740.52212708273"
"Denmark","1975","Gross Domestic Product (GDP)","7952.80026952633"
"Denmark","1974","Gross Domestic Product (GDP)","6726.41085879321"
"Denmark","1973","Gross Domestic Product (GDP)","6072.76638833168"
"Denmark","1972","Gross Domestic Product (GDP)","4603.27243526719"
"Denmark","1971","Gross Domestic Product (GDP)","3794.60747405214"
"Denmark","1970","Gross Domestic Product (GDP)","3421.04590303572"
"Estonia","2013","Gross Domestic Product (GDP)","19328.2111074126"
"Estonia","2012","Gross Domestic Product (GDP)","17555.8875301004"
"Estonia","2011","Gross Domestic Product (GDP)","17615.6569862907"
"Estonia","2010","Gross Domestic Product (GDP)","15009.7295775777"
"Estonia","2009","Gross Domestic Product (GDP)","15081.3818025799"
"Estonia","2008","Gross Domestic Product (GDP)","18470.8012028207"
"Estonia","2007","Gross Domestic Product (GDP)","16925.1448666248"
"Estonia","2006","Gross Domestic Product (GDP)","12865.0683559574"
"Estonia","2005","Gross Domestic Product (GDP)","10565.7688620799"
"Estonia","2004","Gross Domestic Product (GDP)","9052.73960851703"
"Estonia","2003","Gross Domestic Product (GDP)","7333.06427625808"
"Estonia","2002","Gross Domestic Product (GDP)","5423.19346348142"
"Estonia","2001","Gross Domestic Product (GDP)","4595.31648798729"
"Estonia","2000","Gross Domestic Product (GDP)","4164.93536034792"
"Estonia","1999","Gross Domestic Product (GDP)","4159.32775800021"
"Estonia","1998","Gross Domestic Product (GDP)","4044.69149339601"
"Estonia","1997","Gross Domestic Product (GDP)","3609.79750637027"
"Estonia","1996","Gross Domestic Product (GDP)","3341.90684304073"
"Estonia","1995","Gross Domestic Product (GDP)","3061.19788433296"
"Estonia","1994","Gross Domestic Product (GDP)","2823.27255887335"
"Estonia","1993","Gross Domestic Product (GDP)","2761.02891428962"
"Estonia","1992","Gross Domestic Product (GDP)","2801.33236685235"
"Estonia","1991","Gross Domestic Product (GDP)","3415.90926096097"
"Estonia","1990","Gross Domestic Product (GDP)","3550.22504768177"
"Finland","2013","Gross Domestic Product (GDP)","49265.1494812119"
"Finland","2012","Gross Domestic Product (GDP)","47291.8246847122"
"Finland","2011","Gross Domestic Product (GDP)","50783.0712553033"
"Finland","2010","Gross Domestic Product (GDP)","46165.0500072335"
"Finland","2009","Gross Domestic Product (GDP)","47059.751837261"
"Finland","2008","Gross Domestic Product (GDP)","53354.1101406545"
"Finland","2007","Gross Domestic Product (GDP)","48253.7629490751"
"Finland","2006","Gross Domestic Product (GDP)","41106.4792069842"
"Finland","2005","Gross Domestic Product (GDP)","38966.1820724089"
"Finland","2004","Gross Domestic Product (GDP)","37636.5379477032"
"Finland","2003","Gross Domestic Product (GDP)","32813.6428270535"
"Finland","2002","Gross Domestic Product (GDP)","26836.9962404797"
"Finland","2001","Gross Domestic Product (GDP)","24911.4754201486"
"Finland","2000","Gross Domestic Product (GDP)","24251.9527242163"
"Finland","1999","Gross Domestic Product (GDP)","26181.5486328686"
"Finland","1998","Gross Domestic Product (GDP)","25990.5515783588"
"Finland","1997","Gross Domestic Product (GDP)","24671.0442336105"
"Finland","1996","Gross Domestic Product (GDP)","25771.0384366526"
"Finland","1995","Gross Domestic Product (GDP)","26270.7432109855"
"Finland","1994","Gross Domestic Product (GDP)","20312.1711917152"
"Finland","1993","Gross Domestic Product (GDP)","17633.6643831911"
"Finland","1992","Gross Domestic Product (GDP)","22369.3243330437"
"Finland","1991","Gross Domestic Product (GDP)","25523.5882103364"
"Finland","1990","Gross Domestic Product (GDP)","28380.4291515867"
"Finland","1989","Gross Domestic Product (GDP)","23966.3875481352"
"Finland","1988","Gross Domestic Product (GDP)","22032.5621158411"
"Finland","1987","Gross Domestic Product (GDP)","18561.8080240963"
"Finland","1986","Gross Domestic Product (GDP)","14952.1496412021"
"Finland","1985","Gross Domestic Product (GDP)","11405.7803231593"
"Finland","1984","Gross Domestic Product (GDP)","10847.2007949989"
"Finland","1983","Gross Domestic Product (GDP)","10511.2094633266"
"Finland","1982","Gross Domestic Product (GDP)","10946.6026134698"
"Finland","1981","Gross Domestic Product (GDP)","10932.8459953154"
"Finland","1980","Gross Domestic Product (GDP)","11233.2709615603"
"Finland","1979","Gross Domestic Product (GDP)","9342.2722483639"
"Finland","1978","Gross Domestic Product (GDP)","7638.78676848985"
"Finland","1977","Gross Domestic Product (GDP)","7074.30146419167"
"Finland","1976","Gross Domestic Product (GDP)","6742.57976857299"
"Finland","1975","Gross Domestic Product (GDP)","6260.10680134536"
"Finland","1974","Gross Domestic Product (GDP)","5300.15672807021"
"Finland","1973","Gross Domestic Product (GDP)","4174.00262626253"
"Finland","1972","Gross Domestic Product (GDP)","3176.6094910372"
"Finland","1971","Gross Domestic Product (GDP)","2711.69446263092"
"Finland","1970","Gross Domestic Product (GDP)","2467.29649674961"
"France","2013","Gross Domestic Product (GDP)","42338.6369494131"
"France","2012","Gross Domestic Product (GDP)","40762.8660664906"
"France","2011","Gross Domestic Product (GDP)","43680.3257499132"
"France","2010","Gross Domestic Product (GDP)","40616.8252013515"
"France","2009","Gross Domestic Product (GDP)","41566.5372200626"
"France","2008","Gross Domestic Product (GDP)","45363.0217931266"
"France","2007","Gross Domestic Product (GDP)","41552.7653507999"
"France","2006","Gross Domestic Product (GDP)","36497.4976127032"
"France","2005","Gross Domestic Product (GDP)","34824.5001817722"
"France","2004","Gross Domestic Product (GDP)","33818.1038740687"
"France","2003","Gross Domestic Product (GDP)","29657.2371545361"
"France","2002","Gross Domestic Product (GDP)","24274.8251801797"
"France","2001","Gross Domestic Product (GDP)","22534.6498375748"
"France","2000","Gross Domestic Product (GDP)","22461.362583752"
"France","1999","Gross Domestic Product (GDP)","24764.5543913091"
"France","1998","Gross Domestic Product (GDP)","25056.910883406"
"France","1997","Gross Domestic Product (GDP)","24324.1636978738"
"France","1996","Gross Domestic Product (GDP)","26984.4130537457"
"France","1995","Gross Domestic Product (GDP)","27013.089550695"
"France","1994","Gross Domestic Product (GDP)","23614.8566695931"
"France","1993","Gross Domestic Product (GDP)","22503.5067010442"
"France","1992","Gross Domestic Product (GDP)","23933.8384956882"
"France","1991","Gross Domestic Product (GDP)","21769.0283411575"
"France","1990","Gross Domestic Product (GDP)","21867.8628252631"
"France","1989","Gross Domestic Product (GDP)","17751.9203195992"
"France","1988","Gross Domestic Product (GDP)","17731.3442316289"
"France","1987","Gross Domestic Product (GDP)","16346.2341717639"
"France","1986","Gross Domestic Product (GDP)","13569.8667444"
"France","1985","Gross Domestic Product (GDP)","9782.56535895675"
"France","1984","Gross Domestic Product (GDP)","9440.5887938495"
"France","1983","Gross Domestic Product (GDP)","10018.0548535529"
"France","1982","Gross Domestic Product (GDP)","10524.9936998502"
"France","1981","Gross Domestic Product (GDP)","11138.2644889128"
"France","1980","Gross Domestic Product (GDP)","12752.3634887921"
"France","1979","Gross Domestic Product (GDP)","11211.5589314702"
"France","1978","Gross Domestic Product (GDP)","9286.51511198024"
"France","1977","Gross Domestic Product (GDP)","7547.56419914598"
"France","1976","Gross Domestic Product (GDP)","6879.28881024163"
"France","1975","Gross Domestic Product (GDP)","6705.55836250288"
"France","1974","Gross Domestic Product (GDP)","5343.16495789906"
"France","1973","Gross Domestic Product (GDP)","4988.48067737699"
"France","1972","Gross Domestic Product (GDP)","3873.47465548565"
"France","1971","Gross Domestic Product (GDP)","3186.0674522662"
"France","1970","Gross Domestic Product (GDP)","2872.09423388184"
"Georgia","2013","Gross Domestic Product (GDP)","3715.14418827315"
"Georgia","2012","Gross Domestic Product (GDP)","3636.06984989238"
"Georgia","2011","Gross Domestic Product (GDP)","3299.93445368059"
"Georgia","2010","Gross Domestic Product (GDP)","2651.88637437913"
"Georgia","2009","Gross Domestic Product (GDP)","2446.41325720317"
"Georgia","2008","Gross Domestic Product (GDP)","2899.74168807163"
"Georgia","2007","Gross Domestic Product (GDP)","2298.4056584719"
"Georgia","2006","Gross Domestic Product (GDP)","1742.06049527254"
"Georgia","2005","Gross Domestic Product (GDP)","1432.51332125212"
"Georgia","2004","Gross Domestic Product (GDP)","1135.20400777101"
"Georgia","2003","Gross Domestic Product (GDP)","874.354600139145"
"Georgia","2002","Gross Domestic Product (GDP)","734.724850944889"
"Georgia","2001","Gross Domestic Product (GDP)","687.582757148786"
"Georgia","2000","Gross Domestic Product (GDP)","644.653137027524"
"Georgia","1999","Gross Domestic Product (GDP)","582.936595360944"
"Georgia","1998","Gross Domestic Product (GDP)","743.235531677176"
"Georgia","1997","Gross Domestic Product (GDP)","713.164285913317"
"Georgia","1996","Gross Domestic Product (GDP)","613.89808594719"
"Georgia","1995","Gross Domestic Product (GDP)","533.512316245511"
"Georgia","1994","Gross Domestic Product (GDP)","500.692011262489"
"Georgia","1993","Gross Domestic Product (GDP)","536.970539933537"
"Georgia","1992","Gross Domestic Product (GDP)","728.884356425118"
"Georgia","1991","Gross Domestic Product (GDP)","1266.83828268807"
"Georgia","1990","Gross Domestic Product (GDP)","1546.56110297413"
"Germany","2013","Gross Domestic Product (GDP)","45091.4143574103"
"Germany","2012","Gross Domestic Product (GDP)","42671.9480454268"
"Germany","2011","Gross Domestic Product (GDP)","45264.5493459071"
"Germany","2010","Gross Domestic Product (GDP)","41099.9213217612"
"Germany","2009","Gross Domestic Product (GDP)","41027.3675883998"
"Germany","2008","Gross Domestic Product (GDP)","44939.7483338565"
"Germany","2007","Gross Domestic Product (GDP)","41105.0040241215"
"Germany","2006","Gross Domestic Product (GDP)","35806.7301208909"
"Germany","2005","Gross Domestic Product (GDP)","34085.1104921477"
"Germany","2004","Gross Domestic Product (GDP)","33579.3887619222"
"Germany","2003","Gross Domestic Product (GDP)","29863.5000560247"
"Germany","2002","Gross Domestic Product (GDP)","24812.0198801624"
"Germany","2001","Gross Domestic Product (GDP)","23304.9811213532"
"Germany","2000","Gross Domestic Product (GDP)","23316.3641778625"
"Germany","1999","Gross Domestic Product (GDP)","26309.7322007171"
"Germany","1998","Gross Domestic Product (GDP)","26824.9669830056"
"Germany","1997","Gross Domestic Product (GDP)","26540.8686361938"
"Germany","1996","Gross Domestic Product (GDP)","29999.6838562112"
"Germany","1995","Gross Domestic Product (GDP)","31153.3022998599"
"Germany","1994","Gross Domestic Product (GDP)","26657.3704888315"
"Germany","1993","Gross Domestic Product (GDP)","25156.3263093699"
"Germany","1992","Gross Domestic Product (GDP)","26012.0770914426"
"Germany","1991","Gross Domestic Product (GDP)","22978.3108894067"
"Germany","1990","Gross Domestic Product (GDP)","21928.2644017653"
"Germany","1989","Gross Domestic Product (GDP)","17417.1512979983"
"Germany","1988","Gross Domestic Product (GDP)","17531.10925372"
"Germany","1987","Gross Domestic Product (GDP)","16308.9434746082"
"Germany","1986","Gross Domestic Product (GDP)","13184.7697283555"
"Germany","1985","Gross Domestic Product (GDP)","9249.47454893926"
"Germany","1984","Gross Domestic Product (GDP)","9164.06927710338"
"Germany","1983","Gross Domestic Product (GDP)","9738.48510879402"
"Germany","1982","Gross Domestic Product (GDP)","9802.62496431835"
"Germany","1981","Gross Domestic Product (GDP)","10089.0610676115"
"Germany","1980","Gross Domestic Product (GDP)","11958.4274876459"
"Germany","1979","Gross Domestic Product (GDP)","11071.4080836373"
"Germany","1978","Gross Domestic Product (GDP)","9286.96295445908"
"Germany","1977","Gross Domestic Product (GDP)","7520.08428231966"
"Germany","1976","Gross Domestic Product (GDP)","6500.75436024911"
"Germany","1975","Gross Domestic Product (GDP)","6131.17431363104"
"Germany","1974","Gross Domestic Product (GDP)","5562.08934799298"
"Germany","1973","Gross Domestic Product (GDP)","4976.05639536462"
"Germany","1972","Gross Domestic Product (GDP)","3747.64002836942"
"Germany","1971","Gross Domestic Product (GDP)","3130.88447169147"
"Germany","1970","Gross Domestic Product (GDP)","2711.89359387115"
"Greece","2013","Gross Domestic Product (GDP)","21767.6627826707"
"Greece","2012","Gross Domestic Product (GDP)","22429.974713178"
"Greece","2011","Gross Domestic Product (GDP)","25974.8713886713"
"Greece","2010","Gross Domestic Product (GDP)","26966.5241421959"
"Greece","2009","Gross Domestic Product (GDP)","29720.0042777895"
"Greece","2008","Gross Domestic Product (GDP)","31997.3488864053"
"Greece","2007","Gross Domestic Product (GDP)","28794.7615839169"
"Greece","2006","Gross Domestic Product (GDP)","24724.2744152722"
"Greece","2005","Gross Domestic Product (GDP)","22430.15769556"
"Greece","2004","Gross Domestic Product (GDP)","21717.4878028617"
"Greece","2003","Gross Domestic Product (GDP)","18269.090039638"
"Greece","2002","Gross Domestic Product (GDP)","13850.5428676583"
"Greece","2001","Gross Domestic Product (GDP)","12349.5776859678"
"Greece","2000","Gross Domestic Product (GDP)","12029.9119282644"
"Greece","1999","Gross Domestic Product (GDP)","13667.9446863499"
"Greece","1998","Gross Domestic Product (GDP)","13299.3959578748"
"Greece","1997","Gross Domestic Product (GDP)","13227.6101990909"
"Greece","1996","Gross Domestic Product (GDP)","13622.4295978132"
"Greece","1995","Gross Domestic Product (GDP)","12874.2240739314"
"Greece","1994","Gross Domestic Product (GDP)","11070.0070370839"
"Greece","1993","Gross Domestic Product (GDP)","10438.7406321497"
"Greece","1992","Gross Domestic Product (GDP)","11270.3628899347"
"Greece","1991","Gross Domestic Product (GDP)","10299.0291246349"
"Greece","1990","Gross Domestic Product (GDP)","9670.21348127839"
"Greece","1989","Gross Domestic Product (GDP)","7871.19898407895"
"Greece","1988","Gross Domestic Product (GDP)","7619.62163987111"
"Greece","1987","Gross Domestic Product (GDP)","6583.94613910725"
"Greece","1986","Gross Domestic Product (GDP)","5674.25410636677"
"Greece","1985","Gross Domestic Product (GDP)","4831.01671759359"
"Greece","1984","Gross Domestic Product (GDP)","4872.22784483976"
"Greece","1983","Gross Domestic Product (GDP)","5036.869208628"
"Greece","1982","Gross Domestic Product (GDP)","5595.05277164195"
"Greece","1981","Gross Domestic Product (GDP)","5400.47628983123"
"Greece","1980","Gross Domestic Product (GDP)","5916.95007978046"
"Greece","1979","Gross Domestic Product (GDP)","5735.3040857511"
"Greece","1978","Gross Domestic Product (GDP)","4721.28542610019"
"Greece","1977","Gross Domestic Product (GDP)","3914.73010143631"
"Greece","1976","Gross Domestic Product (GDP)","3418.25463981165"
"Greece","1975","Gross Domestic Product (GDP)","3166.19025986868"
"Greece","1974","Gross Domestic Product (GDP)","2835.71694892704"
"Greece","1973","Gross Domestic Product (GDP)","2515.6397123442"
"Greece","1972","Gross Domestic Product (GDP)","1909.6156931671"
"Greece","1971","Gross Domestic Product (GDP)","1657.15561205984"
"Greece","1970","Gross Domestic Product (GDP)","1499.20148476295"
"Hungary","2013","Gross Domestic Product (GDP)","13402.7814541492"
"Hungary","2012","Gross Domestic Product (GDP)","12712.7467287567"
"Hungary","2011","Gross Domestic Product (GDP)","13949.2251425692"
"Hungary","2010","Gross Domestic Product (GDP)","12939.3663305924"
"Hungary","2009","Gross Domestic Product (GDP)","12895.8831469316"
"Hungary","2008","Gross Domestic Product (GDP)","15586.1032880355"
"Hungary","2007","Gross Domestic Product (GDP)","13774.2836294912"
"Hungary","2006","Gross Domestic Product (GDP)","11336.5341791971"
"Hungary","2005","Gross Domestic Product (GDP)","11082.6534764006"
"Hungary","2004","Gross Domestic Product (GDP)","10195.5053251185"
"Hungary","2003","Gross Domestic Product (GDP)","8354.9968903475"
"Hungary","2002","Gross Domestic Product (GDP)","6624.33866432122"
"Hungary","2001","Gross Domestic Product (GDP)","5250.31812125024"
"Hungary","2000","Gross Domestic Product (GDP)","4607.7753888722"
"Hungary","1999","Gross Domestic Product (GDP)","4775.7090098371"
"Hungary","1998","Gross Domestic Product (GDP)","4721.26499946705"
"Hungary","1997","Gross Domestic Product (GDP)","4564.94423682579"
"Hungary","1996","Gross Domestic Product (GDP)","4494.37261593192"
"Hungary","1995","Gross Domestic Product (GDP)","4460.90313398151"
"Hungary","1994","Gross Domestic Product (GDP)","4141.40712250117"
"Hungary","1993","Gross Domestic Product (GDP)","3850.05313827974"
"Hungary","1992","Gross Domestic Product (GDP)","3715.90955538299"
"Hungary","1991","Gross Domestic Product (GDP)","3332.54311483198"
"Hungary","1990","Gross Domestic Product (GDP)","3561.35596580337"
"Hungary","1989","Gross Domestic Product (GDP)","3113.02198948002"
"Hungary","1988","Gross Domestic Product (GDP)","3061.20607577031"
"Hungary","1987","Gross Domestic Product (GDP)","2847.84910126526"
"Hungary","1986","Gross Domestic Product (GDP)","2580.30848613356"
"Hungary","1985","Gross Domestic Product (GDP)","2230.25264066856"
"Hungary","1984","Gross Domestic Product (GDP)","2192.14585764188"
"Hungary","1983","Gross Domestic Product (GDP)","2250.12207141531"
"Hungary","1982","Gross Domestic Product (GDP)","2468.77769905609"
"Hungary","1981","Gross Domestic Product (GDP)","2417.3050138788"
"Hungary","1980","Gross Domestic Product (GDP)","2355.30338466778"
"Hungary","1979","Gross Domestic Product (GDP)","2041.02126147481"
"Hungary","1978","Gross Domestic Product (GDP)","1774.09643342112"
"Hungary","1977","Gross Domestic Product (GDP)","1525.11012724386"
"Hungary","1976","Gross Domestic Product (GDP)","1372.93062197026"
"Hungary","1975","Gross Domestic Product (GDP)","1190.69229161694"
"Hungary","1974","Gross Domestic Product (GDP)","1048.77302661576"
"Hungary","1973","Gross Domestic Product (GDP)","960.624156043975"
"Hungary","1972","Gross Domestic Product (GDP)","778.487106550013"
"Hungary","1971","Gross Domestic Product (GDP)","666.018634344285"
"Hungary","1970","Gross Domestic Product (GDP)","614.100556458659"
"Ireland","2013","Gross Domestic Product (GDP)","50155.2679453359"
"Ireland","2012","Gross Domestic Product (GDP)","48507.8013093555"
"Ireland","2011","Gross Domestic Product (GDP)","52571.181538902"
"Ireland","2010","Gross Domestic Product (GDP)","48893.4961881922"
"Ireland","2009","Gross Domestic Product (GDP)","52952.4102680295"
"Ireland","2008","Gross Domestic Product (GDP)","62902.9645239543"
"Ireland","2007","Gross Domestic Product (GDP)","62762.3105618821"
"Ireland","2006","Gross Domestic Product (GDP)","54547.315510532"
"Ireland","2005","Gross Domestic Product (GDP)","50591.1028373922"
"Ireland","2004","Gross Domestic Product (GDP)","47247.3881456365"
"Ireland","2003","Gross Domestic Product (GDP)","40758.957422119"
"Ireland","2002","Gross Domestic Product (GDP)","32323.4624268986"
"Ireland","2001","Gross Domestic Product (GDP)","28054.5854274271"
"Ireland","2000","Gross Domestic Product (GDP)","26110.4071293507"
"Ireland","1999","Gross Domestic Product (GDP)","26270.7971015308"
"Ireland","1998","Gross Domestic Product (GDP)","24229.7695296814"
"Ireland","1997","Gross Domestic Product (GDP)","22523.7871389851"
"Ireland","1996","Gross Domestic Product (GDP)","20803.9816552379"
"Ireland","1995","Gross Domestic Product (GDP)","19128.8357952601"
"Ireland","1994","Gross Domestic Product (GDP)","15903.9413752622"
"Ireland","1993","Gross Domestic Product (GDP)","14684.4158056586"
"Ireland","1992","Gross Domestic Product (GDP)","15740.23608013"
"Ireland","1991","Gross Domestic Product (GDP)","14060.0413946826"
"Ireland","1990","Gross Domestic Product (GDP)","13949.5240843208"
"Ireland","1989","Gross Domestic Product (GDP)","11104.6712626324"
"Ireland","1988","Gross Domestic Product (GDP)","10679.8081503826"
"Ireland","1987","Gross Domestic Product (GDP)","9579.72230636611"
"Ireland","1986","Gross Domestic Product (GDP)","8107.01941799811"
"Ireland","1985","Gross Domestic Product (GDP)","6012.64317880796"
"Ireland","1984","Gross Domestic Product (GDP)","5701.51519557786"
"Ireland","1983","Gross Domestic Product (GDP)","5917.46955457405"
"Ireland","1982","Gross Domestic Product (GDP)","6161.08007876879"
"Ireland","1981","Gross Domestic Product (GDP)","5981.06130876251"
"Ireland","1980","Gross Domestic Product (GDP)","6356.73193438914"
"Ireland","1979","Gross Domestic Product (GDP)","5418.39202158683"
"Ireland","1978","Gross Domestic Product (GDP)","4391.13862500603"
"Ireland","1977","Gross Domestic Product (GDP)","3421.7129801924"
"Ireland","1976","Gross Domestic Product (GDP)","2920.37092968393"
"Ireland","1975","Gross Domestic Product (GDP)","2976.02032470932"
"Ireland","1974","Gross Domestic Product (GDP)","2517.04356171594"
"Ireland","1973","Gross Domestic Product (GDP)","2422.57554994492"
"Ireland","1972","Gross Domestic Product (GDP)","2076.88714041982"
"Ireland","1971","Gross Domestic Product (GDP)","1699.03590001955"
"Ireland","1970","Gross Domestic Product (GDP)","1482.26509229917"
"Italy","2013","Gross Domestic Product (GDP)","35243.0686076693"
"Italy","2012","Gross Domestic Product (GDP)","34356.1587161662"
"Italy","2011","Gross Domestic Product (GDP)","37514.5076560692"
"Italy","2010","Gross Domestic Product (GDP)","35145.5349797694"
"Italy","2009","Gross Domestic Product (GDP)","36301.8290628112"
"Italy","2008","Gross Domestic Product (GDP)","39950.0735416312"
"Italy","2007","Gross Domestic Product (GDP)","37050.5816200291"
"Italy","2006","Gross Domestic Product (GDP)","32895.8635314536"
"Italy","2005","Gross Domestic Product (GDP)","31590.3749866414"
"Italy","2004","Gross Domestic Product (GDP)","30878.5760009001"
"Italy","2003","Gross Domestic Product (GDP)","27135.369735814"
"Italy","2002","Gross Domestic Product (GDP)","22035.9788677016"
"Italy","2001","Gross Domestic Product (GDP)","20328.1406621569"
"Italy","2000","Gross Domestic Product (GDP)","20043.718627026"
"Italy","1999","Gross Domestic Product (GDP)","21961.6796636566"
"Italy","1998","Gross Domestic Product (GDP)","22283.504147186"
"Italy","1997","Gross Domestic Product (GDP)","21789.5274780475"
"Italy","1996","Gross Domestic Product (GDP)","22998.351067488"
"Italy","1995","Gross Domestic Product (GDP)","20560.1253092814"
"Italy","1994","Gross Domestic Product (GDP)","19240.9164073491"
"Italy","1993","Gross Domestic Product (GDP)","18648.6425764152"
"Italy","1992","Gross Domestic Product (GDP)","23136.1459625865"
"Italy","1991","Gross Domestic Product (GDP)","21853.941540868"
"Italy","1990","Gross Domestic Product (GDP)","20724.5750187567"
"Italy","1989","Gross Domestic Product (GDP)","16294.0594930762"
"Italy","1988","Gross Domestic Product (GDP)","15643.7612677358"
"Italy","1987","Gross Domestic Product (GDP)","14138.4746203617"
"Italy","1986","Gross Domestic Product (GDP)","11239.0545836614"
"Italy","1985","Gross Domestic Product (GDP)","7941.81091879579"
"Italy","1984","Gross Domestic Product (GDP)","7699.02199549085"
"Italy","1983","Gross Domestic Product (GDP)","7801.4517717258"
"Italy","1982","Gross Domestic Product (GDP)","7538.71225752969"
"Italy","1981","Gross Domestic Product (GDP)","7617.58333142974"
"Italy","1980","Gross Domestic Product (GDP)","8463.7321846923"
"Italy","1979","Gross Domestic Product (GDP)","7003.54958437286"
"Italy","1978","Gross Domestic Product (GDP)","5624.74325097504"
"Italy","1977","Gross Domestic Product (GDP)","4617.0101165312"
"Italy","1976","Gross Domestic Product (GDP)","4046.39731527178"
"Italy","1975","Gross Domestic Product (GDP)","4121.04212094156"
"Italy","1974","Gross Domestic Product (GDP)","3632.54531924945"
"Italy","1973","Gross Domestic Product (GDP)","3214.34436247967"
"Italy","1972","Gross Domestic Product (GDP)","2678.39686622606"
"Italy","1971","Gross Domestic Product (GDP)","2314.92611116773"
"Italy","1970","Gross Domestic Product (GDP)","2120.36726250514"
"Latvia","2013","Gross Domestic Product (GDP)","15063.9604997966"
"Latvia","2012","Gross Domestic Product (GDP)","13857.1566400213"
"Latvia","2011","Gross Domestic Product (GDP)","13658.442943729"
"Latvia","2010","Gross Domestic Product (GDP)","11416.9963253081"
"Latvia","2009","Gross Domestic Product (GDP)","12383.3034722284"
"Latvia","2008","Gross Domestic Product (GDP)","16681.7414196707"
"Latvia","2007","Gross Domestic Product (GDP)","14279.6810494617"
"Latvia","2006","Gross Domestic Product (GDP)","9839.22396567767"
"Latvia","2005","Gross Domestic Product (GDP)","7672.71930819506"
"Latvia","2004","Gross Domestic Product (GDP)","6762.41949478745"
"Latvia","2003","Gross Domestic Product (GDP)","5631.69266909376"
"Latvia","2002","Gross Domestic Product (GDP)","4971.93676745298"
"Latvia","2001","Gross Domestic Product (GDP)","4450.54897323039"
"Latvia","2000","Gross Domestic Product (GDP)","4162.82047268285"
"Latvia","1999","Gross Domestic Product (GDP)","3497.63386189213"
"Latvia","1998","Gross Domestic Product (GDP)","3142.29502471805"
"Latvia","1997","Gross Domestic Product (GDP)","2845.86935188248"
"Latvia","1996","Gross Domestic Product (GDP)","2434.95461479039"
"Latvia","1995","Gross Domestic Product (GDP)","2207.85936629715"
"Latvia","1994","Gross Domestic Product (GDP)","2148.08794145164"
"Latvia","1993","Gross Domestic Product (GDP)","2054.71344680138"
"Latvia","1992","Gross Domestic Product (GDP)","2318.93934520049"
"Latvia","1991","Gross Domestic Product (GDP)","3436.12016218821"
"Latvia","1990","Gross Domestic Product (GDP)","3685.55640690212"
"Liechtenstein","2013","Gross Domestic Product (GDP)","152933.14435131"
"Liechtenstein","2012","Gross Domestic Product (GDP)","149710.100732162"
"Liechtenstein","2011","Gross Domestic Product (GDP)","157736.226846209"
"Liechtenstein","2010","Gross Domestic Product (GDP)","140707.058828222"
"Liechtenstein","2009","Gross Domestic Product (GDP)","125641.588943935"
"Liechtenstein","2008","Gross Domestic Product (GDP)","142810.405263537"
"Liechtenstein","2007","Gross Domestic Product (GDP)","130322.60496509"
"Liechtenstein","2006","Gross Domestic Product (GDP)","114197.24285492"
"Liechtenstein","2005","Gross Domestic Product (GDP)","105306.746626651"
"Liechtenstein","2004","Gross Domestic Product (GDP)","100286.667462235"
"Liechtenstein","2003","Gross Domestic Product (GDP)","89944.7418492718"
"Liechtenstein","2002","Gross Domestic Product (GDP)","79495.517130623"
"Liechtenstein","2001","Gross Domestic Product (GDP)","74437.6567222326"
"Liechtenstein","2000","Gross Domestic Product (GDP)","75057.8851631902"
"Liechtenstein","1999","Gross Domestic Product (GDP)","81530.967719079"
"Liechtenstein","1998","Gross Domestic Product (GDP)","76944.7537363826"
"Liechtenstein","1997","Gross Domestic Product (GDP)","72372.0191568998"
"Liechtenstein","1996","Gross Domestic Product (GDP)","80033.6562770511"
"Liechtenstein","1995","Gross Domestic Product (GDP)","78786.8138364251"
"Liechtenstein","1994","Gross Domestic Product (GDP)","64140.1539502974"
"Liechtenstein","1993","Gross Domestic Product (GDP)","55892.4842250772"
"Liechtenstein","1992","Gross Domestic Product (GDP)","55271.6392380039"
"Liechtenstein","1991","Gross Domestic Product (GDP)","50977.5585687671"
"Liechtenstein","1990","Gross Domestic Product (GDP)","49452.388282942"
"Liechtenstein","1989","Gross Domestic Product (GDP)","39430.4954032172"
"Liechtenstein","1988","Gross Domestic Product (GDP)","41359.8800604351"
"Liechtenstein","1987","Gross Domestic Product (GDP)","37876.3618850765"
"Liechtenstein","1986","Gross Domestic Product (GDP)","28316.6060016968"
"Liechtenstein","1985","Gross Domestic Product (GDP)","19409.1350546087"
"Liechtenstein","1984","Gross Domestic Product (GDP)","18609.386525104"
"Liechtenstein","1983","Gross Domestic Product (GDP)","19576.4983686398"
"Liechtenstein","1982","Gross Domestic Product (GDP)","19691.3615647137"
"Liechtenstein","1981","Gross Domestic Product (GDP)","19512.9032892283"
"Liechtenstein","1980","Gross Domestic Product (GDP)","20669.4985029426"
"Liechtenstein","1979","Gross Domestic Product (GDP)","19773.3755345636"
"Liechtenstein","1978","Gross Domestic Product (GDP)","17502.3872585421"
"Liechtenstein","1977","Gross Domestic Product (GDP)","12415.8527826482"
"Liechtenstein","1976","Gross Domestic Product (GDP)","11388.8386737162"
"Liechtenstein","1975","Gross Domestic Product (GDP)","10513.7217889362"
"Liechtenstein","1974","Gross Domestic Product (GDP)","8439.8042954367"
"Liechtenstein","1973","Gross Domestic Product (GDP)","7354.35041291316"
"Liechtenstein","1972","Gross Domestic Product (GDP)","5639.88105021432"
"Liechtenstein","1971","Gross Domestic Product (GDP)","4827.84671989982"
"Liechtenstein","1970","Gross Domestic Product (GDP)","4236.77987274857"
"Lithuania","2013","Gross Domestic Product (GDP)","15380.864711931"
"Lithuania","2012","Gross Domestic Product (GDP)","14143.0514299285"
"Lithuania","2011","Gross Domestic Product (GDP)","14285.5627377659"
"Lithuania","2010","Gross Domestic Product (GDP)","12089.2544579156"
"Lithuania","2009","Gross Domestic Product (GDP)","12069.5221352159"
"Lithuania","2008","Gross Domestic Product (GDP)","15237.3404856518"
"Lithuania","2007","Gross Domestic Product (GDP)","12454.69918539"
"Lithuania","2006","Gross Domestic Product (GDP)","9327.01068078113"
"Lithuania","2005","Gross Domestic Product (GDP)","7953.49578282785"
"Lithuania","2004","Gross Domestic Product (GDP)","6794.16026066915"
"Lithuania","2003","Gross Domestic Product (GDP)","5534.58965707674"
"Lithuania","2002","Gross Domestic Product (GDP)","4161.29976201586"
"Lithuania","2001","Gross Domestic Product (GDP)","3530.10678423026"
"Lithuania","2000","Gross Domestic Product (GDP)","3287.35402111395"
"Lithuania","1999","Gross Domestic Product (GDP)","3107.21358064953"
"Lithuania","1998","Gross Domestic Product (GDP)","3162.29348855676"
"Lithuania","1997","Gross Domestic Product (GDP)","2826.66722258316"
"Lithuania","1996","Gross Domestic Product (GDP)","2336.81640812621"
"Lithuania","1995","Gross Domestic Product (GDP)","1855.28332472915"
"Lithuania","1994","Gross Domestic Product (GDP)","1762.1348508579"
"Lithuania","1993","Gross Domestic Product (GDP)","1900.98474019189"
"Lithuania","1992","Gross Domestic Product (GDP)","2205.93836779486"
"Lithuania","1991","Gross Domestic Product (GDP)","2732.04806574263"
"Lithuania","1990","Gross Domestic Product (GDP)","2804.2312355695"
"Luxembourg","2013","Gross Domestic Product (GDP)","113373.143074089"
"Luxembourg","2012","Gross Domestic Product (GDP)","107480.717824601"
"Luxembourg","2011","Gross Domestic Product (GDP)","114179.056433031"
"Luxembourg","2010","Gross Domestic Product (GDP)","102668.222890991"
"Luxembourg","2009","Gross Domestic Product (GDP)","100661.944618237"
"Luxembourg","2008","Gross Domestic Product (GDP)","112790.527409276"
"Luxembourg","2007","Gross Domestic Product (GDP)","103314.310439467"
"Luxembourg","2006","Gross Domestic Product (GDP)","89614.4575574239"
"Luxembourg","2005","Gross Domestic Product (GDP)","80864.5214894116"
"Luxembourg","2004","Gross Domestic Product (GDP)","75760.1266225702"
"Luxembourg","2003","Gross Domestic Product (GDP)","65087.6337069891"
"Luxembourg","2002","Gross Domestic Product (GDP)","52504.4005105856"
"Luxembourg","2001","Gross Domestic Product (GDP)","47707.9236443684"
"Luxembourg","2000","Gross Domestic Product (GDP)","48847.6685331816"
"Luxembourg","1999","Gross Domestic Product (GDP)","51631.6816957012"
"Luxembourg","1998","Gross Domestic Product (GDP)","47764.4788526783"
"Luxembourg","1997","Gross Domestic Product (GDP)","46335.7748900693"
"Luxembourg","1996","Gross Domestic Product (GDP)","52245.9720705644"
"Luxembourg","1995","Gross Domestic Product (GDP)","53239.7076145743"
"Luxembourg","1994","Gross Domestic Product (GDP)","45837.5760892298"
"Luxembourg","1993","Gross Domestic Product (GDP)","41819.4695644685"
"Luxembourg","1992","Gross Domestic Product (GDP)","41317.3140066159"
"Luxembourg","1991","Gross Domestic Product (GDP)","37311.2250111409"
"Luxembourg","1990","Gross Domestic Product (GDP)","34877.2186608331"
"Luxembourg","1989","Gross Domestic Product (GDP)","27691.9804711069"
"Luxembourg","1988","Gross Domestic Product (GDP)","26233.3991613109"
"Luxembourg","1987","Gross Domestic Product (GDP)","23366.2081748359"
"Luxembourg","1986","Gross Domestic Product (GDP)","18897.0056865631"
"Luxembourg","1985","Gross Domestic Product (GDP)","12999.8278788627"
"Luxembourg","1984","Gross Domestic Product (GDP)","12643.1972125652"
"Luxembourg","1983","Gross Domestic Product (GDP)","12905.1279151772"
"Luxembourg","1982","Gross Domestic Product (GDP)","13134.9519478861"
"Luxembourg","1981","Gross Domestic Product (GDP)","14436.001513984"
"Luxembourg","1980","Gross Domestic Product (GDP)","17231.2549794074"
"Luxembourg","1979","Gross Domestic Product (GDP)","15846.2510875385"
"Luxembourg","1978","Gross Domestic Product (GDP)","13617.5205540283"
"Luxembourg","1977","Gross Domestic Product (GDP)","10999.5389597773"
"Luxembourg","1976","Gross Domestic Product (GDP)","10005.1139692917"
"Luxembourg","1975","Gross Domestic Product (GDP)","9193.70330523079"
"Luxembourg","1974","Gross Domestic Product (GDP)","9446.23364874885"
"Luxembourg","1973","Gross Domestic Product (GDP)","7810.9739040189"
"Luxembourg","1972","Gross Domestic Product (GDP)","5742.12663973166"
"Luxembourg","1971","Gross Domestic Product (GDP)","4624.54264519609"
"Luxembourg","1970","Gross Domestic Product (GDP)","4472.2616632063"
"Montenegro","2013","Gross Domestic Product (GDP)","7109.13415107932"
"Montenegro","2012","Gross Domestic Product (GDP)","6514.2021980206"
"Montenegro","2011","Gross Domestic Product (GDP)","7243.72505364029"
"Montenegro","2010","Gross Domestic Product (GDP)","6629.52317405536"
"Montenegro","2009","Gross Domestic Product (GDP)","6685.63026654503"
"Montenegro","2008","Gross Domestic Product (GDP)","7306.0804657102"
"Montenegro","2007","Gross Domestic Product (GDP)","5938.27905391272"
"Montenegro","2006","Gross Domestic Product (GDP)","4370.37365669211"
"Montenegro","2005","Gross Domestic Product (GDP)","3665.22415729627"
"Montenegro","2004","Gross Domestic Product (GDP)","3373.06931760915"
"Montenegro","2003","Gross Domestic Product (GDP)","2778.3409243131"
"Montenegro","2002","Gross Domestic Product (GDP)","2090.83408162082"
"Montenegro","2001","Gross Domestic Product (GDP)","1895.13879620818"
"Montenegro","2000","Gross Domestic Product (GDP)","1606.43776147748"
"Montenegro","1999","Gross Domestic Product (GDP)","1368.39313926593"
"Montenegro","1998","Gross Domestic Product (GDP)","1403.55362805557"
"Montenegro","1997","Gross Domestic Product (GDP)","1381.05283171657"
"Montenegro","1996","Gross Domestic Product (GDP)","1423.80927185425"
"Montenegro","1995","Gross Domestic Product (GDP)","1976.51019671397"
"Montenegro","1994","Gross Domestic Product (GDP)","1374.2487646175"
"Montenegro","1993","Gross Domestic Product (GDP)","1330.38625763549"
"Montenegro","1992","Gross Domestic Product (GDP)","2402.01462932809"
"Montenegro","1991","Gross Domestic Product (GDP)","2846.73479153665"
"Montenegro","1990","Gross Domestic Product (GDP)","3493.54014413504"
"Netherlands","2013","Gross Domestic Product (GDP)","50929.5118507216"
"Netherlands","2012","Gross Domestic Product (GDP)","49248.4353804668"
"Netherlands","2011","Gross Domestic Product (GDP)","53626.9194801557"
"Netherlands","2010","Gross Domestic Product (GDP)","50338.7123034672"
"Netherlands","2009","Gross Domestic Product (GDP)","51809.6299862462"
"Netherlands","2008","Gross Domestic Product (GDP)","56429.7746869399"
"Netherlands","2007","Gross Domestic Product (GDP)","50669.3101337702"
"Netherlands","2006","Gross Domestic Product (GDP)","43929.1789617528"
"Netherlands","2005","Gross Domestic Product (GDP)","41243.2449228805"
"Netherlands","2004","Gross Domestic Product (GDP)","39828.3272874605"
"Netherlands","2003","Gross Domestic Product (GDP)","35384.8321968311"
"Netherlands","2002","Gross Domestic Product (GDP)","28954.5636592802"
"Netherlands","2001","Gross Domestic Product (GDP)","26713.589065613"
"Netherlands","2000","Gross Domestic Product (GDP)","26065.5837301473"
"Netherlands","1999","Gross Domestic Product (GDP)","27891.4034035849"
"Netherlands","1998","Gross Domestic Product (GDP)","27484.8190974775"
"Netherlands","1997","Gross Domestic Product (GDP)","26261.2513930926"
"Netherlands","1996","Gross Domestic Product (GDP)","28526.5346446008"
"Netherlands","1995","Gross Domestic Product (GDP)","28843.5362555023"
"Netherlands","1994","Gross Domestic Product (GDP)","24339.5923930089"
"Netherlands","1993","Gross Domestic Product (GDP)","22856.6957744433"
"Netherlands","1992","Gross Domestic Product (GDP)","23637.2415869173"
"Netherlands","1991","Gross Domestic Product (GDP)","21479.662623597"
"Netherlands","1990","Gross Domestic Product (GDP)","21022.704185526"
"Netherlands","1989","Gross Domestic Product (GDP)","17172.1216385343"
"Netherlands","1988","Gross Domestic Product (GDP)","17519.3319128298"
"Netherlands","1987","Gross Domestic Product (GDP)","16489.628505034"
"Netherlands","1986","Gross Domestic Product (GDP)","13594.0652035125"
"Netherlands","1985","Gross Domestic Product (GDP)","9788.09949239336"
"Netherlands","1984","Gross Domestic Product (GDP)","9842.84216570757"
"Netherlands","1983","Gross Domestic Product (GDP)","10546.4735047681"
"Netherlands","1982","Gross Domestic Product (GDP)","10946.2516118029"
"Netherlands","1981","Gross Domestic Product (GDP)","11394.9425838453"
"Netherlands","1980","Gross Domestic Product (GDP)","13623.4949505252"
"Netherlands","1979","Gross Domestic Product (GDP)","12618.2896826536"
"Netherlands","1978","Gross Domestic Product (GDP)","11017.6773286758"
"Netherlands","1977","Gross Domestic Product (GDP)","9042.36229811618"
"Netherlands","1976","Gross Domestic Product (GDP)","7830.93730452244"
"Netherlands","1975","Gross Domestic Product (GDP)","7249.22610147272"
"Netherlands","1974","Gross Domestic Product (GDP)","6363.16298938834"
"Netherlands","1973","Gross Domestic Product (GDP)","5288.35942938791"
"Netherlands","1972","Gross Domestic Product (GDP)","4066.20705709227"
"Netherlands","1971","Gross Domestic Product (GDP)","3347.43056598842"
"Netherlands","1970","Gross Domestic Product (GDP)","2896.36539325863"
"Norway","2013","Gross Domestic Product (GDP)","103585.799347802"
"Norway","2012","Gross Domestic Product (GDP)","102066.002060087"
"Norway","2011","Gross Domestic Product (GDP)","100764.875631976"
"Norway","2010","Gross Domestic Product (GDP)","87610.9332076595"
"Norway","2009","Gross Domestic Product (GDP)","79903.1255685733"
"Norway","2008","Gross Domestic Product (GDP)","96683.1978762908"
"Norway","2007","Gross Domestic Product (GDP)","84914.0774931334"
"Norway","2006","Gross Domestic Product (GDP)","73982.3694214891"
"Norway","2005","Gross Domestic Product (GDP)","66759.5538994376"
"Norway","2004","Gross Domestic Product (GDP)","57613.4714545951"
"Norway","2003","Gross Domestic Product (GDP)","50164.7468754797"
"Norway","2002","Gross Domestic Product (GDP)","43075.6162531214"
"Norway","2001","Gross Domestic Product (GDP)","38541.4862416667"
"Norway","2000","Gross Domestic Product (GDP)","38141.3965976401"
"Norway","1999","Gross Domestic Product (GDP)","36334.4354545329"
"Norway","1998","Gross Domestic Product (GDP)","34721.0554724644"
"Norway","1997","Gross Domestic Product (GDP)","36563.7631002414"
"Norway","1996","Gross Domestic Product (GDP)","37282.1247267921"
"Norway","1995","Gross Domestic Product (GDP)","34870.6043362467"
"Norway","1994","Gross Domestic Product (GDP)","29327.4530141096"
"Norway","1993","Gross Domestic Product (GDP)","27991.8158124975"
"Norway","1992","Gross Domestic Product (GDP)","30562.6167248148"
"Norway","1991","Gross Domestic Product (GDP)","28658.6149829361"
"Norway","1990","Gross Domestic Product (GDP)","28317.6322086601"
"Norway","1989","Gross Domestic Product (GDP)","24380.2683129685"
"Norway","1988","Gross Domestic Product (GDP)","24321.3610630743"
"Norway","1987","Gross Domestic Product (GDP)","22571.2202510274"
"Norway","1986","Gross Domestic Product (GDP)","18926.583160223"
"Norway","1985","Gross Domestic Product (GDP)","15812.9719169571"
"Norway","1984","Gross Domestic Product (GDP)","15088.6246148741"
"Norway","1983","Gross Domestic Product (GDP)","15058.9221996861"
"Norway","1982","Gross Domestic Product (GDP)","15371.5358394739"
"Norway","1981","Gross Domestic Product (GDP)","15671.8750354526"
"Norway","1980","Gross Domestic Product (GDP)","15932.1952589012"
"Norway","1979","Gross Domestic Product (GDP)","13181.7079698198"
"Norway","1978","Gross Domestic Product (GDP)","11581.0453319795"
"Norway","1977","Gross Domestic Product (GDP)","10373.327551378"
"Norway","1976","Gross Domestic Product (GDP)","9022.43849911814"
"Norway","1975","Gross Domestic Product (GDP)","8298.40791304312"
"Norway","1974","Gross Domestic Product (GDP)","6886.19598654732"
"Norway","1973","Gross Domestic Product (GDP)","5760.02419424599"
"Norway","1972","Gross Domestic Product (GDP)","4469.65937165718"
"Norway","1971","Gross Domestic Product (GDP)","3784.70402773587"
"Norway","1970","Gross Domestic Product (GDP)","3353.03234301029"
"Poland","2013","Gross Domestic Product (GDP)","13760.0602931508"
"Poland","2012","Gross Domestic Product (GDP)","12985.8074251916"
"Poland","2011","Gross Domestic Product (GDP)","13724.9005806519"
"Poland","2010","Gross Domestic Product (GDP)","12479.1476641375"
"Poland","2009","Gross Domestic Product (GDP)","11427.848359174"
"Poland","2008","Gross Domestic Product (GDP)","13882.6822023725"
"Poland","2007","Gross Domestic Product (GDP)","11227.1515112058"
"Poland","2006","Gross Domestic Product (GDP)","8987.38791082408"
"Poland","2005","Gross Domestic Product (GDP)","7967.57107645334"
"Poland","2004","Gross Domestic Product (GDP)","6632.3776968047"
"Poland","2003","Gross Domestic Product (GDP)","5686.5888898301"
"Poland","2002","Gross Domestic Product (GDP)","5190.07771911782"
"Poland","2001","Gross Domestic Product (GDP)","4982.44351836293"
"Poland","2000","Gross Domestic Product (GDP)","4477.22019719519"
"Poland","1999","Gross Domestic Product (GDP)","4381.97509928814"
"Poland","1998","Gross Domestic Product (GDP)","4510.61663323837"
"Poland","1997","Gross Domestic Product (GDP)","4096.3292030273"
"Poland","1996","Gross Domestic Product (GDP)","4082.07563259656"
"Poland","1995","Gross Domestic Product (GDP)","3622.98916452236"
"Poland","1994","Gross Domestic Product (GDP)","2826.50591707145"
"Poland","1993","Gross Domestic Product (GDP)","2456.59501674853"
"Poland","1992","Gross Domestic Product (GDP)","2413.98277556142"
"Poland","1991","Gross Domestic Product (GDP)","2193.57927646242"
"Poland","1990","Gross Domestic Product (GDP)","1696.26516496673"
"Poland","1989","Gross Domestic Product (GDP)","2190.53165879257"
"Poland","1988","Gross Domestic Product (GDP)","1840.391674997"
"Poland","1987","Gross Domestic Product (GDP)","1716.49266211866"
"Poland","1986","Gross Domestic Product (GDP)","1995.41613729993"
"Poland","1985","Gross Domestic Product (GDP)","1929.13478988604"
"Poland","1984","Gross Domestic Product (GDP)","2089.38364078386"
"Poland","1983","Gross Domestic Product (GDP)","2104.64620829483"
"Poland","1982","Gross Domestic Product (GDP)","1836.62658986954"
"Poland","1981","Gross Domestic Product (GDP)","1526.61958474422"
"Poland","1980","Gross Domestic Product (GDP)","1626.62747180519"
"Poland","1979","Gross Domestic Product (GDP)","2132.24227885327"
"Poland","1978","Gross Domestic Product (GDP)","1923.0359717814"
"Poland","1977","Gross Domestic Product (GDP)","1714.06364004273"
"Poland","1976","Gross Domestic Product (GDP)","1559.77155300656"
"Poland","1975","Gross Domestic Product (GDP)","1411.73390510486"
"Poland","1974","Gross Domestic Product (GDP)","1337.59555764875"
"Poland","1973","Gross Domestic Product (GDP)","1202.3353734785"
"Poland","1972","Gross Domestic Product (GDP)","1024.15955795903"
"Poland","1971","Gross Domestic Product (GDP)","933.759820445115"
"Poland","1970","Gross Domestic Product (GDP)","849.917057019024"
"Portugal","2013","Gross Domestic Product (GDP)","21429.1522872128"
"Portugal","2012","Gross Domestic Product (GDP)","20558.6835072918"
"Portugal","2011","Gross Domestic Product (GDP)","23108.4832555842"
"Portugal","2010","Gross Domestic Product (GDP)","22503.1263628329"
"Portugal","2009","Gross Domestic Product (GDP)","23035.4988457531"
"Portugal","2008","Gross Domestic Product (GDP)","24789.0513178825"
"Portugal","2007","Gross Domestic Product (GDP)","22750.9677707849"
"Portugal","2006","Gross Domestic Product (GDP)","19793.3154157602"
"Portugal","2005","Gross Domestic Product (GDP)","18770.8378085143"
"Portugal","2004","Gross Domestic Product (GDP)","18056.2610642118"
"Portugal","2003","Gross Domestic Product (GDP)","15802.0279829788"
"Portugal","2002","Gross Domestic Product (GDP)","12912.6171431054"
"Portugal","2001","Gross Domestic Product (GDP)","11742.7075808265"
"Portugal","2000","Gross Domestic Product (GDP)","11484.202359073"
"Portugal","1999","Gross Domestic Product (GDP)","12418.9102724365"
"Portugal","1998","Gross Domestic Product (GDP)","12128.8476460379"
"Portugal","1997","Gross Domestic Product (GDP)","11495.8193879096"
"Portugal","1996","Gross Domestic Product (GDP)","12093.4886059428"
"Portugal","1995","Gross Domestic Product (GDP)","11699.6344436663"
"Portugal","1994","Gross Domestic Product (GDP)","9920.5750286598"
"Portugal","1993","Gross Domestic Product (GDP)","9501.29340052056"
"Portugal","1992","Gross Domestic Product (GDP)","10809.1122275495"
"Portugal","1991","Gross Domestic Product (GDP)","8996.5928936342"
"Portugal","1990","Gross Domestic Product (GDP)","7952.56059865314"
"Portugal","1989","Gross Domestic Product (GDP)","6124.04844165011"
"Portugal","1988","Gross Domestic Product (GDP)","5689.2010823235"
"Portugal","1987","Gross Domestic Product (GDP)","4857.18563279749"
"Portugal","1986","Gross Domestic Product (GDP)","3900.45685659782"
"Portugal","1985","Gross Domestic Product (GDP)","2728.64201715436"
"Portugal","1984","Gross Domestic Product (GDP)","2539.49204491155"
"Portugal","1983","Gross Domestic Product (GDP)","2747.92280321675"
"Portugal","1982","Gross Domestic Product (GDP)","3089.04433139021"
"Portugal","1981","Gross Domestic Product (GDP)","3252.05326073132"
"Portugal","1980","Gross Domestic Product (GDP)","3369.10577282371"
"Portugal","1979","Gross Domestic Product (GDP)","2751.71734380029"
"Portugal","1978","Gross Domestic Product (GDP)","2455.91007391593"
"Portugal","1977","Gross Domestic Product (GDP)","2269.9486456426"
"Portugal","1976","Gross Domestic Product (GDP)","2183.1108360347"
"Portugal","1975","Gross Domestic Product (GDP)","2107.19105920002"
"Portugal","1974","Gross Domestic Product (GDP)","1933.79326285428"
"Portugal","1973","Gross Domestic Product (GDP)","1691.656728615"
"Portugal","1972","Gross Domestic Product (GDP)","1276.11526066453"
"Portugal","1971","Gross Domestic Product (GDP)","1055.95851529584"
"Portugal","1970","Gross Domestic Product (GDP)","935.202868918694"
"Romania","2013","Gross Domestic Product (GDP)","8852.82253652647"
"Romania","2012","Gross Domestic Product (GDP)","7908.32523670696"
"Romania","2011","Gross Domestic Product (GDP)","8499.37800224777"
"Romania","2010","Gross Domestic Product (GDP)","7684.66321731468"
"Romania","2009","Gross Domestic Product (GDP)","7640.17710086643"
"Romania","2008","Gross Domestic Product (GDP)","9478.0528469528"
"Romania","2007","Gross Domestic Product (GDP)","7791.63762207609"
"Romania","2006","Gross Domestic Product (GDP)","5598.52616518255"
"Romania","2005","Gross Domestic Product (GDP)","4508.56866637139"
"Romania","2004","Gross Domestic Product (GDP)","3439.70073407237"
"Romania","2003","Gross Domestic Product (GDP)","2696.54867430652"
"Romania","2002","Gross Domestic Product (GDP)","2075.27468385619"
"Romania","2001","Gross Domestic Product (GDP)","1825.05428001661"
"Romania","2000","Gross Domestic Product (GDP)","1672.2537639923"
"Romania","1999","Gross Domestic Product (GDP)","1609.22766313502"
"Romania","1998","Gross Domestic Product (GDP)","1857.74777761331"
"Romania","1997","Gross Domestic Product (GDP)","1577.59461162526"
"Romania","1996","Gross Domestic Product (GDP)","1627.19347776304"
"Romania","1995","Gross Domestic Product (GDP)","1639.86094674767"
"Romania","1994","Gross Domestic Product (GDP)","1382.86067214421"
"Romania","1993","Gross Domestic Product (GDP)","1206.1913600389"
"Romania","1992","Gross Domestic Product (GDP)","892.117392183041"
"Romania","1991","Gross Domestic Product (GDP)","1311.20216347755"
"Romania","1990","Gross Domestic Product (GDP)","1736.74793979754"
"Romania","1989","Gross Domestic Product (GDP)","2438.66947226724"
"Romania","1988","Gross Domestic Product (GDP)","2747.19787627573"
"Romania","1987","Gross Domestic Product (GDP)","2670.2497847701"
"Romania","1986","Gross Domestic Product (GDP)","2400.6483505842"
"Romania","1985","Gross Domestic Product (GDP)","2216.03710200265"
"Romania","1984","Gross Domestic Product (GDP)","1789.84503680368"
"Romania","1983","Gross Domestic Product (GDP)","2096.47554777979"
"Romania","1982","Gross Domestic Product (GDP)","2280.67255276447"
"Romania","1981","Gross Domestic Product (GDP)","1964.27652653559"
"Romania","1980","Gross Domestic Product (GDP)","1628.08869463294"
"Romania","1979","Gross Domestic Product (GDP)","1590.67591473646"
"Romania","1978","Gross Domestic Product (GDP)","1485.65564553561"
"Romania","1977","Gross Domestic Product (GDP)","1271.25595907175"
"Romania","1976","Gross Domestic Product (GDP)","1187.07136114351"
"Romania","1975","Gross Domestic Product (GDP)","1066.49616618445"
"Romania","1974","Gross Domestic Product (GDP)","999.891049346273"
"Romania","1973","Gross Domestic Product (GDP)","964.428638086921"
"Romania","1972","Gross Domestic Product (GDP)","837.370195228502"
"Romania","1971","Gross Domestic Product (GDP)","733.877984042806"
"Romania","1970","Gross Domestic Product (GDP)","625.690774267515"
"Russian Federation","2013","Gross Domestic Product (GDP)","14679.8296098271"
"Russian Federation","2012","Gross Domestic Product (GDP)","14091.4510785637"
"Russian Federation","2011","Gross Domestic Product (GDP)","13279.5300548403"
"Russian Federation","2010","Gross Domestic Product (GDP)","10617.8725646383"
"Russian Federation","2009","Gross Domestic Product (GDP)","8508.92957770682"
"Russian Federation","2008","Gross Domestic Product (GDP)","11559.593232304"
"Russian Federation","2007","Gross Domestic Product (GDP)","9047.55971981457"
"Russian Federation","2006","Gross Domestic Product (GDP)","6888.15990531948"
"Russian Federation","2005","Gross Domestic Product (GDP)","5308.13755687236"
"Russian Federation","2004","Gross Domestic Product (GDP)","4094.32832774899"
"Russian Federation","2003","Gross Domestic Product (GDP)","2970.37878003088"
"Russian Federation","2002","Gross Domestic Product (GDP)","2374.1506086714"
"Russian Federation","2001","Gross Domestic Product (GDP)","2097.67434028289"
"Russian Federation","2000","Gross Domestic Product (GDP)","1769.64253958198"
"Russian Federation","1999","Gross Domestic Product (GDP)","1330.21056599229"
"Russian Federation","1998","Gross Domestic Product (GDP)","1834.29003661023"
"Russian Federation","1997","Gross Domestic Product (GDP)","2734.60861751986"
"Russian Federation","1996","Gross Domestic Product (GDP)","2642.55349653945"
"Russian Federation","1995","Gross Domestic Product (GDP)","2688.19828392793"
"Russian Federation","1994","Gross Domestic Product (GDP)","2742.87584379801"
"Russian Federation","1993","Gross Domestic Product (GDP)","3074.79215463455"
"Russian Federation","1992","Gross Domestic Product (GDP)","3290.50578441049"
"Russian Federation","1991","Gross Domestic Product (GDP)","3768.36180981375"
"Russian Federation","1990","Gross Domestic Product (GDP)","3850.02682035778"
"Serbia","2013","Gross Domestic Product (GDP)","6313.14001438944"
"Serbia","2012","Gross Domestic Product (GDP)","5625.69360781828"
"Serbia","2011","Gross Domestic Product (GDP)","6386.13020495057"
"Serbia","2010","Gross Domestic Product (GDP)","5411.8750830856"
"Serbia","2009","Gross Domestic Product (GDP)","5821.30539705684"
"Serbia","2008","Gross Domestic Product (GDP)","6701.77591725338"
"Serbia","2007","Gross Domestic Product (GDP)","5458.1193840365"
"Serbia","2006","Gross Domestic Product (GDP)","4129.75771595606"
"Serbia","2005","Gross Domestic Product (GDP)","3528.13056705317"
"Serbia","2004","Gross Domestic Product (GDP)","3331.22876560602"
"Serbia","2003","Gross Domestic Product (GDP)","2832.48942261768"
"Serbia","2002","Gross Domestic Product (GDP)","2148.90516348033"
"Serbia","2001","Gross Domestic Product (GDP)","1634.87603799367"
"Serbia","2000","Gross Domestic Product (GDP)","870.136525159338"
"Serbia","1999","Gross Domestic Product (GDP)","2441.43038904421"
"Serbia","1998","Gross Domestic Product (GDP)","2416.06907743118"
"Serbia","1997","Gross Domestic Product (GDP)","3177.97930991016"
"Serbia","1996","Gross Domestic Product (GDP)","2986.10270059686"
"Serbia","1995","Gross Domestic Product (GDP)","2650.5049039989"
"Serbia","1994","Gross Domestic Product (GDP)","2458.43147914957"
"Serbia","1993","Gross Domestic Product (GDP)","2348.9017697144"
"Serbia","1992","Gross Domestic Product (GDP)","3302.2768538191"
"Serbia","1991","Gross Domestic Product (GDP)","4497.99094565819"
"Serbia","1990","Gross Domestic Product (GDP)","4739.25967541726"
"Slovak Republic","2013","Gross Domestic Product (GDP)","17928.1980166093"
"Slovak Republic","2012","Gross Domestic Product (GDP)","17031.1289619848"
"Slovak Republic","2011","Gross Domestic Product (GDP)","17927.7515742838"
"Slovak Republic","2010","Gross Domestic Product (GDP)","16381.2741657442"
"Slovak Republic","2009","Gross Domestic Product (GDP)","16336.9854809841"
"Slovak Republic","2008","Gross Domestic Product (GDP)","17749.2634580543"
"Slovak Republic","2007","Gross Domestic Product (GDP)","14184.8609416819"
"Slovak Republic","2006","Gross Domestic Product (GDP)","10554.4679608143"
"Slovak Republic","2005","Gross Domestic Product (GDP)","9078.84249900551"
"Slovak Republic","2004","Gross Domestic Product (GDP)","8003.00010579193"
"Slovak Republic","2003","Gross Domestic Product (GDP)","6306.84308994573"
"Slovak Republic","2002","Gross Domestic Product (GDP)","4606.76920104125"
"Slovak Republic","2001","Gross Domestic Product (GDP)","3966.64339926616"
"Slovak Republic","2000","Gross Domestic Product (GDP)","3837.57466670463"
"Slovak Republic","1999","Gross Domestic Product (GDP)","3859.37305576511"
"Slovak Republic","1998","Gross Domestic Product (GDP)","4233.86894176217"
"Slovak Republic","1997","Gross Domestic Product (GDP)","4067.45282756907"
"Slovak Republic","1996","Gross Domestic Product (GDP)","4015.66692229984"
"Slovak Republic","1995","Gross Domestic Product (GDP)","3721.67289326984"
"Slovak Republic","1994","Gross Domestic Product (GDP)","2973.8029938306"
"Slovak Republic","1993","Gross Domestic Product (GDP)","2577.81990731454"
"Slovak Republic","1992","Gross Domestic Product (GDP)","2397.80239261529"
"Slovak Republic","1991","Gross Domestic Product (GDP)","2217.77085884006"
"Slovak Republic","1990","Gross Domestic Product (GDP)","3178.86991980574"
"Slovenia","2013","Gross Domestic Product (GDP)","23161.1605106456"
"Slovenia","2012","Gross Domestic Product (GDP)","22373.8292201295"
"Slovenia","2011","Gross Domestic Product (GDP)","24856.0617870931"
"Slovenia","2010","Gross Domestic Product (GDP)","23351.853167698"
"Slovenia","2009","Gross Domestic Product (GDP)","24577.1372764518"
"Slovenia","2008","Gross Domestic Product (GDP)","27351.9033626084"
"Slovenia","2007","Gross Domestic Product (GDP)","23816.0967555904"
"Slovenia","2006","Gross Domestic Product (GDP)","19703.694565201"
"Slovenia","2005","Gross Domestic Product (GDP)","18169.2832484628"
"Slovenia","2004","Gross Domestic Product (GDP)","17282.1337848385"
"Slovenia","2003","Gross Domestic Product (GDP)","14913.6002344101"
"Slovenia","2002","Gross Domestic Product (GDP)","11840.0157889819"
"Slovenia","2001","Gross Domestic Product (GDP)","10491.8537922271"
"Slovenia","2000","Gross Domestic Product (GDP)","10225.362967923"
"Slovenia","1999","Gross Domestic Product (GDP)","11406.6035631864"
"Slovenia","1998","Gross Domestic Product (GDP)","11123.9665989508"
"Slovenia","1997","Gross Domestic Product (GDP)","10433.5340995063"
"Slovenia","1996","Gross Domestic Product (GDP)","10794.2979099267"
"Slovenia","1995","Gross Domestic Product (GDP)","10680.7809350113"
"Slovenia","1994","Gross Domestic Product (GDP)","7514.41671156464"
"Slovenia","1993","Gross Domestic Product (GDP)","6605.65836922235"
"Slovenia","1992","Gross Domestic Product (GDP)","6515.21055961746"
"Slovenia","1991","Gross Domestic Product (GDP)","6587.38616050936"
"Slovenia","1990","Gross Domestic Product (GDP)","9041.42455174065"
"Spain","2013","Gross Domestic Product (GDP)","29685.2830005999"
"Spain","2012","Gross Domestic Product (GDP)","28996.8110256783"
"Spain","2011","Gross Domestic Product (GDP)","32132.1397238684"
"Spain","2010","Gross Domestic Product (GDP)","30998.7968114845"
"Spain","2009","Gross Domestic Product (GDP)","32761.6331761339"
"Spain","2008","Gross Domestic Product (GDP)","36138.9786532984"
"Spain","2007","Gross Domestic Product (GDP)","33119.8166467864"
"Spain","2006","Gross Domestic Product (GDP)","28713.239239372"
"Spain","2005","Gross Domestic Product (GDP)","26672.3892351806"
"Spain","2004","Gross Domestic Product (GDP)","25043.185289426"
"Spain","2003","Gross Domestic Product (GDP)","21582.7598751353"
"Spain","2002","Gross Domestic Product (GDP)","17055.2255969552"
"Spain","2001","Gross Domestic Product (GDP)","15358.7170053199"
"Spain","2000","Gross Domestic Product (GDP)","14780.5451845957"
"Spain","1999","Gross Domestic Product (GDP)","15851.3105755065"
"Spain","1998","Gross Domestic Product (GDP)","15457.0277282891"
"Spain","1997","Gross Domestic Product (GDP)","14909.9032008627"
"Spain","1996","Gross Domestic Product (GDP)","16792.2593194178"
"Spain","1995","Gross Domestic Product (GDP)","15871.8030559281"
"Spain","1994","Gross Domestic Product (GDP)","13739.001297359"
"Spain","1993","Gross Domestic Product (GDP)","13637.8403204734"
"Spain","1992","Gross Domestic Product (GDP)","16434.5493476233"
"Spain","1991","Gross Domestic Product (GDP)","15075.4680362107"
"Spain","1990","Gross Domestic Product (GDP)","14046.878731751"
"Spain","1989","Gross Domestic Product (GDP)","10880.2218873819"
"Spain","1988","Gross Domestic Product (GDP)","9884.73367492973"
"Spain","1987","Gross Domestic Product (GDP)","8391.37834175619"
"Spain","1986","Gross Domestic Product (GDP)","6631.20729378851"
"Spain","1985","Gross Domestic Product (GDP)","4784.02976748971"
"Spain","1984","Gross Domestic Product (GDP)","4570.16853992501"
"Spain","1983","Gross Domestic Product (GDP)","4558.68258324649"
"Spain","1982","Gross Domestic Product (GDP)","5253.50114697198"
"Spain","1981","Gross Domestic Product (GDP)","5468.7052568405"
"Spain","1980","Gross Domestic Product (GDP)","6319.4145614185"
"Spain","1979","Gross Domestic Product (GDP)","5873.10884253453"
"Spain","1978","Gross Domestic Product (GDP)","4435.40944506891"
"Spain","1977","Gross Domestic Product (GDP)","3693.59394476047"
"Spain","1976","Gross Domestic Product (GDP)","3339.61720450027"
"Spain","1975","Gross Domestic Product (GDP)","3269.11513341697"
"Spain","1974","Gross Domestic Product (GDP)","2801.4385407991"
"Spain","1973","Gross Domestic Product (GDP)","2290.82021526131"
"Spain","1972","Gross Domestic Product (GDP)","1742.11658344845"
"Spain","1971","Gross Domestic Product (GDP)","1388.88942204982"
"Spain","1970","Gross Domestic Product (GDP)","1234.77590850088"
"Sweden","2013","Gross Domestic Product (GDP)","60565.6280338984"
"Sweden","2012","Gross Domestic Product (GDP)","57182.4991730799"
"Sweden","2011","Gross Domestic Product (GDP)","59594.8512129294"
"Sweden","2010","Gross Domestic Product (GDP)","52053.1048596011"
"Sweden","2009","Gross Domestic Product (GDP)","46148.4794157572"
"Sweden","2008","Gross Domestic Product (GDP)","55656.7567892407"
"Sweden","2007","Gross Domestic Product (GDP)","53260.2072572903"
"Sweden","2006","Gross Domestic Product (GDP)","46209.4882661592"
"Sweden","2005","Gross Domestic Product (GDP)","43082.6005835202"
"Sweden","2004","Gross Domestic Product (GDP)","42500.1818050912"
"Sweden","2003","Gross Domestic Product (GDP)","37029.5069617524"
"Sweden","2002","Gross Domestic Product (GDP)","29617.4354796354"
"Sweden","2001","Gross Domestic Product (GDP)","26991.955921366"
"Sweden","2000","Gross Domestic Product (GDP)","29282.2863018709"
"Sweden","1999","Gross Domestic Product (GDP)","30557.2410358983"
"Sweden","1998","Gross Domestic Product (GDP)","30108.9480884463"
"Sweden","1997","Gross Domestic Product (GDP)","29853.7944290499"
"Sweden","1996","Gross Domestic Product (GDP)","32556.4652009857"
"Sweden","1995","Gross Domestic Product (GDP)","29915.2067535135"
"Sweden","1994","Gross Domestic Product (GDP)","25724.0485641681"
"Sweden","1993","Gross Domestic Product (GDP)","24028.6207043011"
"Sweden","1992","Gross Domestic Product (GDP)","32302.0966649782"
"Sweden","1991","Gross Domestic Product (GDP)","31377.3485055152"
"Sweden","1990","Gross Domestic Product (GDP)","30161.4082015942"
"Sweden","1989","Gross Domestic Product (GDP)","25261.0144354159"
"Sweden","1988","Gross Domestic Product (GDP)","24129.9890093631"
"Sweden","1987","Gross Domestic Product (GDP)","21444.6678357048"
"Sweden","1986","Gross Domestic Product (GDP)","17710.5368866002"
"Sweden","1985","Gross Domestic Product (GDP)","13473.4316121516"
"Sweden","1984","Gross Domestic Product (GDP)","12918.5161886848"
"Sweden","1983","Gross Domestic Product (GDP)","12434.6808702719"
"Sweden","1982","Gross Domestic Product (GDP)","13548.1655127176"
"Sweden","1981","Gross Domestic Product (GDP)","15367.8221016558"
"Sweden","1980","Gross Domestic Product (GDP)","16856.0818668746"
"Sweden","1979","Gross Domestic Product (GDP)","14665.4195664087"
"Sweden","1978","Gross Domestic Product (GDP)","12447.3066672291"
"Sweden","1977","Gross Domestic Product (GDP)","11294.7115657056"
"Sweden","1976","Gross Domestic Product (GDP)","10719.825107664"
"Sweden","1975","Gross Domestic Product (GDP)","9974.36566042972"
"Sweden","1974","Gross Domestic Product (GDP)","7966.83700387753"
"Sweden","1973","Gross Domestic Product (GDP)","7189.37652934339"
"Sweden","1972","Gross Domestic Product (GDP)","5942.66939564865"
"Sweden","1971","Gross Domestic Product (GDP)","5065.52296930224"
"Sweden","1970","Gross Domestic Product (GDP)","4665.80503932548"
"Switzerland","2013","Gross Domestic Product (GDP)","84853.7236306983"
"Switzerland","2012","Gross Domestic Product (GDP)","83289.6551875258"
"Switzerland","2011","Gross Domestic Product (GDP)","87967.2980440807"
"Switzerland","2010","Gross Domestic Product (GDP)","74223.3634330972"
"Switzerland","2009","Gross Domestic Product (GDP)","69678.9037441714"
"Switzerland","2008","Gross Domestic Product (GDP)","72069.4593771696"
"Switzerland","2007","Gross Domestic Product (GDP)","63111.6385471788"
"Switzerland","2006","Gross Domestic Product (GDP)","57360.4855796985"
"Switzerland","2005","Gross Domestic Product (GDP)","55009.4287243584"
"Switzerland","2004","Gross Domestic Product (GDP)","53582.6561335636"
"Switzerland","2003","Gross Domestic Product (GDP)","48290.8026095375"
"Switzerland","2002","Gross Domestic Product (GDP)","41583.3598793135"
"Switzerland","2001","Gross Domestic Product (GDP)","38693.8873465071"
"Switzerland","2000","Gross Domestic Product (GDP)","37910.7936723579"
"Switzerland","1999","Gross Domestic Product (GDP)","40619.3615220346"
"Switzerland","1998","Gross Domestic Product (GDP)","41466.8727216983"
"Switzerland","1997","Gross Domestic Product (GDP)","40422.3451869089"
"Switzerland","1996","Gross Domestic Product (GDP)","46690.34066899"
"Switzerland","1995","Gross Domestic Product (GDP)","48705.4084465207"
"Switzerland","1994","Gross Domestic Product (GDP)","41942.7111536282"
"Switzerland","1993","Gross Domestic Product (GDP)","38269.4528683736"
"Switzerland","1992","Gross Domestic Product (GDP)","39789.0751415994"
"Switzerland","1991","Gross Domestic Product (GDP)","38644.155667407"
"Switzerland","1990","Gross Domestic Product (GDP)","38572.238648533"
"Switzerland","1989","Gross Domestic Product (GDP)","30456.5440281588"
"Switzerland","1988","Gross Domestic Product (GDP)","31769.8003478441"
"Switzerland","1987","Gross Domestic Product (GDP)","29547.9982100482"
"Switzerland","1986","Gross Domestic Product (GDP)","23730.7232669655"
"Switzerland","1985","Gross Domestic Product (GDP)","16651.2500123626"
"Switzerland","1984","Gross Domestic Product (GDP)","16523.5843000606"
"Switzerland","1983","Gross Domestic Product (GDP)","17412.109435705"
"Switzerland","1982","Gross Domestic Product (GDP)","17572.4092116553"
"Switzerland","1981","Gross Domestic Product (GDP)","17213.7762307517"
"Switzerland","1980","Gross Domestic Product (GDP)","18832.0307537307"
"Switzerland","1979","Gross Domestic Product (GDP)","17657.605162133"
"Switzerland","1978","Gross Domestic Product (GDP)","15671.4123466183"
"Switzerland","1977","Gross Domestic Product (GDP)","11171.2073071145"
"Switzerland","1976","Gross Domestic Product (GDP)","10436.372902846"
"Switzerland","1975","Gross Domestic Product (GDP)","9976.32345876815"
"Switzerland","1974","Gross Domestic Product (GDP)","8722.72902921005"
"Switzerland","1973","Gross Domestic Product (GDP)","7604.24252229807"
"Switzerland","1972","Gross Domestic Product (GDP)","5691.78131314686"
"Switzerland","1971","Gross Domestic Product (GDP)","4676.8135490198"
"Switzerland","1970","Gross Domestic Product (GDP)","3924.81143625698"
"Ukraine","2013","Gross Domestic Product (GDP)","4163.47053437141"
"Ukraine","2012","Gross Domestic Product (GDP)","4010.36614961394"
"Ukraine","2011","Gross Domestic Product (GDP)","3697.02574534174"
"Ukraine","2010","Gross Domestic Product (GDP)","3066.41668623821"
"Ukraine","2009","Gross Domestic Product (GDP)","2627.1715116447"
"Ukraine","2008","Gross Domestic Product (GDP)","4048.74967642849"
"Ukraine","2007","Gross Domestic Product (GDP)","3188.07532138029"
"Ukraine","2006","Gross Domestic Product (GDP)","2387.06171233824"
"Ukraine","2005","Gross Domestic Product (GDP)","1893.22373255559"
"Ukraine","2004","Gross Domestic Product (GDP)","1416.590145257"
"Ukraine","2003","Gross Domestic Product (GDP)","1087.91884046597"
"Ukraine","2002","Gross Domestic Product (GDP)","911.944066228919"
"Ukraine","2001","Gross Domestic Product (GDP)","808.487706361255"
"Ukraine","2000","Gross Domestic Product (GDP)","659.945222975751"
"Ukraine","1999","Gross Domestic Product (GDP)","660.576668306777"
"Ukraine","1998","Gross Domestic Product (GDP)","867.936300413768"
"Ukraine","1997","Gross Domestic Product (GDP)","1030.06531558556"
"Ukraine","1996","Gross Domestic Product (GDP)","908.011223375203"
"Ukraine","1995","Gross Domestic Product (GDP)","984.976596623762"
"Ukraine","1994","Gross Domestic Product (GDP)","1093.0982116107"
"Ukraine","1993","Gross Domestic Product (GDP)","1384.39477331745"
"Ukraine","1992","Gross Domestic Product (GDP)","1573.60861508829"
"Ukraine","1991","Gross Domestic Product (GDP)","1707.44221646747"
"Ukraine","1990","Gross Domestic Product (GDP)","1810.56924950715"
"United Kingdom","2013","Gross Domestic Product (GDP)","42423.3978173507"
"United Kingdom","2012","Gross Domestic Product (GDP)","41650.4738193192"
"United Kingdom","2011","Gross Domestic Product (GDP)","41518.082101793"
"United Kingdom","2010","Gross Domestic Product (GDP)","38796.1233068256"
"United Kingdom","2009","Gross Domestic Product (GDP)","37421.3298969983"
"United Kingdom","2008","Gross Domestic Product (GDP)","45519.4348022641"
"United Kingdom","2007","Gross Domestic Product (GDP)","48601.7340959197"
"United Kingdom","2006","Gross Domestic Product (GDP)","42606.0252191134"
"United Kingdom","2005","Gross Domestic Product (GDP)","40007.6269624847"
"United Kingdom","2004","Gross Domestic Product (GDP)","38312.2577729964"
"United Kingdom","2003","Gross Domestic Product (GDP)","32560.6059872222"
"United Kingdom","2002","Gross Domestic Product (GDP)","28172.7046979311"
"United Kingdom","2001","Gross Domestic Product (GDP)","25838.0553509792"
"United Kingdom","2000","Gross Domestic Product (GDP)","26268.9357669129"
"United Kingdom","1999","Gross Domestic Product (GDP)","26533.1756638226"
"United Kingdom","1998","Gross Domestic Product (GDP)","26122.7840847449"
"United Kingdom","1997","Gross Domestic Product (GDP)","24656.9673031577"
"United Kingdom","1996","Gross Domestic Product (GDP)","22427.8012231875"
"United Kingdom","1995","Gross Domestic Product (GDP)","21304.9859088398"
"United Kingdom","1994","Gross Domestic Product (GDP)","19411.2460967681"
"United Kingdom","1993","Gross Domestic Product (GDP)","17966.5415826604"
"United Kingdom","1992","Gross Domestic Product (GDP)","19991.7379106339"
"United Kingdom","1991","Gross Domestic Product (GDP)","19322.9860293005"
"United Kingdom","1990","Gross Domestic Product (GDP)","18519.299898844"
"United Kingdom","1989","Gross Domestic Product (GDP)","15656.8645035609"
"United Kingdom","1988","Gross Domestic Product (GDP)","15548.7201789876"
"United Kingdom","1987","Gross Domestic Product (GDP)","12830.0268345165"
"United Kingdom","1986","Gross Domestic Product (GDP)","10471.7594931406"
"United Kingdom","1985","Gross Domestic Product (GDP)","8538.33592839759"
"United Kingdom","1984","Gross Domestic Product (GDP)","8082.38200082838"
"United Kingdom","1983","Gross Domestic Product (GDP)","8585.32770917403"
"United Kingdom","1982","Gross Domestic Product (GDP)","9057.11280181864"
"United Kingdom","1981","Gross Domestic Product (GDP)","9505.20666363779"
"United Kingdom","1980","Gross Domestic Product (GDP)","10004.8267105812"
"United Kingdom","1979","Gross Domestic Product (GDP)","7800.9634926412"
"United Kingdom","1978","Gross Domestic Product (GDP)","6003.18920764652"
"United Kingdom","1977","Gross Domestic Product (GDP)","4737.67013570058"
"United Kingdom","1976","Gross Domestic Product (GDP)","4195.87418720876"
"United Kingdom","1975","Gross Domestic Product (GDP)","4369.80270876839"
"United Kingdom","1974","Gross Domestic Product (GDP)","3659.41703747147"
"United Kingdom","1973","Gross Domestic Product (GDP)","3392.91279984972"
"United Kingdom","1972","Gross Domestic Product (GDP)","3012.6937841132"
"United Kingdom","1971","Gross Domestic Product (GDP)","2628.77278192741"
"United Kingdom","1970","Gross Domestic Product (GDP)","2331.37364203509"